"attribute_0","symboling","wheel.base","length","width","height","curb.weight","num.of.cylinders","engine.size","compression.ratio","city.mpg","highway.mpg","make_alfa.romero","make_audi","make_bmw","make_chevrolet","make_dodge","make_honda","make_isuzu","make_jaguar","make_mazda","make_mercedes.benz","make_mercury","make_mitsubishi","make_nissan","make_peugot","make_plymouth","make_porsche","make_renault","make_saab","make_subaru","make_toyota","make_volkswagen","make_volvo","fuel.type_diesel","fuel.type_gas","aspiration_std","aspiration_turbo","body.style_convertible","body.style_hardtop","body.style_hatchback","body.style_sedan","body.style_wagon","drive.wheels_4wd","drive.wheels_fwd","drive.wheels_rwd","engine.location_front","engine.location_rear","engine.type_dohc","engine.type_l","engine.type_ohc","engine.type_ohcf","engine.type_ohcv","engine.type_rotor","fuel.system_1bbl","fuel.system_2bbl","fuel.system_4bbl","fuel.system_idi","fuel.system_mfi","fuel.system_mpfi","fuel.system_spdi","fuel.system_spfi","normalized.losses","num.of.doors","bore","stroke","peak.rpm","class","price"
0,3,88.6,168.8,64.1,48.8,2548,4,130,9,21,27,1,0,0,0,0,0,0,0,0,0,0,0,0,0,0,0,0,0,0,0,0,0,0,1,1,0,1,0,0,0,0,0,0,1,1,0,1,0,0,0,0,0,0,0,0,0,0,1,0,0,122,2,3.47,2.68,5000,111,13495
1,3,88.6,168.8,64.1,48.8,2548,4,130,9,21,27,1,0,0,0,0,0,0,0,0,0,0,0,0,0,0,0,0,0,0,0,0,0,0,1,1,0,1,0,0,0,0,0,0,1,1,0,1,0,0,0,0,0,0,0,0,0,0,1,0,0,122,2,3.47,2.68,5000,111,16500
2,1,94.5,171.2,65.5,52.4,2823,6,152,9,19,26,1,0,0,0,0,0,0,0,0,0,0,0,0,0,0,0,0,0,0,0,0,0,0,1,1,0,0,0,1,0,0,0,0,1,1,0,0,0,0,0,1,0,0,0,0,0,0,1,0,0,122,2,2.68,3.47,5000,154,16500
3,2,99.8,176.6,66.2,54.3,2337,4,109,10,24,30,0,1,0,0,0,0,0,0,0,0,0,0,0,0,0,0,0,0,0,0,0,0,0,1,1,0,0,0,0,1,0,0,1,0,1,0,0,0,1,0,0,0,0,0,0,0,0,1,0,0,164,4,3.19,3.4,5500,102,13950
4,2,99.4,176.6,66.4,54.3,2824,5,136,8,18,22,0,1,0,0,0,0,0,0,0,0,0,0,0,0,0,0,0,0,0,0,0,0,0,1,1,0,0,0,0,1,0,1,0,0,1,0,0,0,1,0,0,0,0,0,0,0,0,1,0,0,164,4,3.19,3.4,5500,115,17450
5,2,99.8,177.3,66.3,53.1,2507,5,136,8.5,19,25,0,1,0,0,0,0,0,0,0,0,0,0,0,0,0,0,0,0,0,0,0,0,0,1,1,0,0,0,0,1,0,0,1,0,1,0,0,0,1,0,0,0,0,0,0,0,0,1,0,0,122,2,3.19,3.4,5500,110,15250
6,1,105.8,192.7,71.4,55.7,2844,5,136,8.5,19,25,0,1,0,0,0,0,0,0,0,0,0,0,0,0,0,0,0,0,0,0,0,0,0,1,1,0,0,0,0,1,0,0,1,0,1,0,0,0,1,0,0,0,0,0,0,0,0,1,0,0,158,4,3.19,3.4,5500,110,17710
7,1,105.8,192.7,71.4,55.7,2954,5,136,8.5,19,25,0,1,0,0,0,0,0,0,0,0,0,0,0,0,0,0,0,0,0,0,0,0,0,1,1,0,0,0,0,0,1,0,1,0,1,0,0,0,1,0,0,0,0,0,0,0,0,1,0,0,122,4,3.19,3.4,5500,110,18920
8,1,105.8,192.7,71.4,55.9,3086,5,131,8.3,17,20,0,1,0,0,0,0,0,0,0,0,0,0,0,0,0,0,0,0,0,0,0,0,0,1,0,1,0,0,0,1,0,0,1,0,1,0,0,0,1,0,0,0,0,0,0,0,0,1,0,0,158,4,3.13,3.4,5500,140,23875
9,2,101.2,176.8,64.8,54.3,2395,4,108,8.8,23,29,0,0,1,0,0,0,0,0,0,0,0,0,0,0,0,0,0,0,0,0,0,0,0,1,1,0,0,0,0,1,0,0,0,1,1,0,0,0,1,0,0,0,0,0,0,0,0,1,0,0,192,2,3.5,2.8,5800,101,16430
10,0,101.2,176.8,64.8,54.3,2395,4,108,8.8,23,29,0,0,1,0,0,0,0,0,0,0,0,0,0,0,0,0,0,0,0,0,0,0,0,1,1,0,0,0,0,1,0,0,0,1,1,0,0,0,1,0,0,0,0,0,0,0,0,1,0,0,192,4,3.5,2.8,5800,101,16925
11,0,101.2,176.8,64.8,54.3,2710,6,164,9,21,28,0,0,1,0,0,0,0,0,0,0,0,0,0,0,0,0,0,0,0,0,0,0,0,1,1,0,0,0,0,1,0,0,0,1,1,0,0,0,1,0,0,0,0,0,0,0,0,1,0,0,188,2,3.31,3.19,4250,121,20970
12,0,101.2,176.8,64.8,54.3,2765,6,164,9,21,28,0,0,1,0,0,0,0,0,0,0,0,0,0,0,0,0,0,0,0,0,0,0,0,1,1,0,0,0,0,1,0,0,0,1,1,0,0,0,1,0,0,0,0,0,0,0,0,1,0,0,188,4,3.31,3.19,4250,121,21105
13,1,103.5,189,66.9,55.7,3055,6,164,9,20,25,0,0,1,0,0,0,0,0,0,0,0,0,0,0,0,0,0,0,0,0,0,0,0,1,1,0,0,0,0,1,0,0,0,1,1,0,0,0,1,0,0,0,0,0,0,0,0,1,0,0,122,4,3.31,3.19,4250,121,24565
14,0,103.5,189,66.9,55.7,3230,6,209,8,16,22,0,0,1,0,0,0,0,0,0,0,0,0,0,0,0,0,0,0,0,0,0,0,0,1,1,0,0,0,0,1,0,0,0,1,1,0,0,0,1,0,0,0,0,0,0,0,0,1,0,0,122,4,3.62,3.39,5400,182,30760
15,0,103.5,193.8,67.9,53.7,3380,6,209,8,16,22,0,0,1,0,0,0,0,0,0,0,0,0,0,0,0,0,0,0,0,0,0,0,0,1,1,0,0,0,0,1,0,0,0,1,1,0,0,0,1,0,0,0,0,0,0,0,0,1,0,0,122,2,3.62,3.39,5400,182,41315
16,0,110,197,70.9,56.3,3505,6,209,8,15,20,0,0,1,0,0,0,0,0,0,0,0,0,0,0,0,0,0,0,0,0,0,0,0,1,1,0,0,0,0,1,0,0,0,1,1,0,0,0,1,0,0,0,0,0,0,0,0,1,0,0,122,4,3.62,3.39,5400,182,36880
17,2,88.4,141.1,60.3,53.2,1488,3,61,9.5,47,53,0,0,0,1,0,0,0,0,0,0,0,0,0,0,0,0,0,0,0,0,0,0,0,1,1,0,0,0,1,0,0,0,1,0,1,0,0,1,0,0,0,0,0,1,0,0,0,0,0,0,121,2,2.91,3.03,5100,48,5151
18,1,94.5,155.9,63.6,52,1874,4,90,9.6,38,43,0,0,0,1,0,0,0,0,0,0,0,0,0,0,0,0,0,0,0,0,0,0,0,1,1,0,0,0,1,0,0,0,1,0,1,0,0,0,1,0,0,0,0,1,0,0,0,0,0,0,98,2,3.03,3.11,5400,70,6295
19,0,94.5,158.8,63.6,52,1909,4,90,9.6,38,43,0,0,0,1,0,0,0,0,0,0,0,0,0,0,0,0,0,0,0,0,0,0,0,1,1,0,0,0,0,1,0,0,1,0,1,0,0,0,1,0,0,0,0,1,0,0,0,0,0,0,81,4,3.03,3.11,5400,70,6575
20,1,93.7,157.3,63.8,50.8,1876,4,90,9.41,37,41,0,0,0,0,1,0,0,0,0,0,0,0,0,0,0,0,0,0,0,0,0,0,0,1,1,0,0,0,1,0,0,0,1,0,1,0,0,0,1,0,0,0,0,1,0,0,0,0,0,0,118,2,2.97,3.23,5500,68,5572
21,1,93.7,157.3,63.8,50.8,1876,4,90,9.4,31,38,0,0,0,0,1,0,0,0,0,0,0,0,0,0,0,0,0,0,0,0,0,0,0,1,1,0,0,0,1,0,0,0,1,0,1,0,0,0,1,0,0,0,0,1,0,0,0,0,0,0,118,2,2.97,3.23,5500,68,6377
22,1,93.7,157.3,63.8,50.8,2128,4,98,7.6,24,30,0,0,0,0,1,0,0,0,0,0,0,0,0,0,0,0,0,0,0,0,0,0,0,1,0,1,0,0,1,0,0,0,1,0,1,0,0,0,1,0,0,0,0,0,0,0,0,1,0,0,118,2,3.03,3.39,5500,102,7957
23,1,93.7,157.3,63.8,50.6,1967,4,90,9.4,31,38,0,0,0,0,1,0,0,0,0,0,0,0,0,0,0,0,0,0,0,0,0,0,0,1,1,0,0,0,1,0,0,0,1,0,1,0,0,0,1,0,0,0,0,1,0,0,0,0,0,0,148,4,2.97,3.23,5500,68,6229
24,1,93.7,157.3,63.8,50.6,1989,4,90,9.4,31,38,0,0,0,0,1,0,0,0,0,0,0,0,0,0,0,0,0,0,0,0,0,0,0,1,1,0,0,0,0,1,0,0,1,0,1,0,0,0,1,0,0,0,0,1,0,0,0,0,0,0,148,4,2.97,3.23,5500,68,6692
25,1,93.7,157.3,63.8,50.6,1989,4,90,9.4,31,38,0,0,0,0,1,0,0,0,0,0,0,0,0,0,0,0,0,0,0,0,0,0,0,1,1,0,0,0,0,1,0,0,1,0,1,0,0,0,1,0,0,0,0,1,0,0,0,0,0,0,148,4,2.97,3.23,5500,68,7609
26,1,93.7,157.3,63.8,50.6,2191,4,98,7.6,24,30,0,0,0,0,1,0,0,0,0,0,0,0,0,0,0,0,0,0,0,0,0,0,0,1,0,1,0,0,0,1,0,0,1,0,1,0,0,0,1,0,0,0,0,0,0,0,0,1,0,0,148,3.1356783919598,3.03,3.39,5500,102,8558
27,-1,103.3,174.6,64.6,59.8,2535,4,122,8.5,24,30,0,0,0,0,1,0,0,0,0,0,0,0,0,0,0,0,0,0,0,0,0,0,0,1,1,0,0,0,0,0,1,0,1,0,1,0,0,0,1,0,0,0,0,1,0,0,0,0,0,0,110,4,3.34,3.46,5000,88,8921
28,3,95.9,173.2,66.3,50.2,2811,4,156,7,19,24,0,0,0,0,1,0,0,0,0,0,0,0,0,0,0,0,0,0,0,0,0,0,0,1,0,1,0,0,1,0,0,0,1,0,1,0,0,0,1,0,0,0,0,0,0,0,1,0,0,0,145,2,3.6,3.9,5000,145,12964
29,2,86.6,144.6,63.9,50.8,1713,4,92,9.6,49,54,0,0,0,0,0,1,0,0,0,0,0,0,0,0,0,0,0,0,0,0,0,0,0,1,1,0,0,0,1,0,0,0,1,0,1,0,0,0,1,0,0,0,1,0,0,0,0,0,0,0,137,2,2.91,3.41,4800,58,6479
30,2,86.6,144.6,63.9,50.8,1819,4,92,9.2,31,38,0,0,0,0,0,1,0,0,0,0,0,0,0,0,0,0,0,0,0,0,0,0,0,1,1,0,0,0,1,0,0,0,1,0,1,0,0,0,1,0,0,0,1,0,0,0,0,0,0,0,137,2,2.91,3.41,6000,76,6855
31,1,93.7,150,64,52.6,1837,4,79,10.1,38,42,0,0,0,0,0,1,0,0,0,0,0,0,0,0,0,0,0,0,0,0,0,0,0,1,1,0,0,0,1,0,0,0,1,0,1,0,0,0,1,0,0,0,1,0,0,0,0,0,0,0,101,2,2.91,3.07,5500,60,5399
32,1,93.7,150,64,52.6,1940,4,92,9.2,30,34,0,0,0,0,0,1,0,0,0,0,0,0,0,0,0,0,0,0,0,0,0,0,0,1,1,0,0,0,1,0,0,0,1,0,1,0,0,0,1,0,0,0,1,0,0,0,0,0,0,0,101,2,2.91,3.41,6000,76,6529
33,1,93.7,150,64,52.6,1956,4,92,9.2,30,34,0,0,0,0,0,1,0,0,0,0,0,0,0,0,0,0,0,0,0,0,0,0,0,1,1,0,0,0,1,0,0,0,1,0,1,0,0,0,1,0,0,0,1,0,0,0,0,0,0,0,101,2,2.91,3.41,6000,76,7129
34,0,96.5,163.4,64,54.5,2010,4,92,9.2,30,34,0,0,0,0,0,1,0,0,0,0,0,0,0,0,0,0,0,0,0,0,0,0,0,1,1,0,0,0,0,1,0,0,1,0,1,0,0,0,1,0,0,0,1,0,0,0,0,0,0,0,110,4,2.91,3.41,6000,76,7295
35,0,96.5,157.1,63.9,58.3,2024,4,92,9.2,30,34,0,0,0,0,0,1,0,0,0,0,0,0,0,0,0,0,0,0,0,0,0,0,0,1,1,0,0,0,0,0,1,0,1,0,1,0,0,0,1,0,0,0,1,0,0,0,0,0,0,0,78,4,2.92,3.41,6000,76,7295
36,0,96.5,167.5,65.2,53.3,2236,4,110,9,27,33,0,0,0,0,0,1,0,0,0,0,0,0,0,0,0,0,0,0,0,0,0,0,0,1,1,0,0,0,1,0,0,0,1,0,1,0,0,0,1,0,0,0,1,0,0,0,0,0,0,0,106,2,3.15,3.58,5800,86,7895
37,0,96.5,167.5,65.2,53.3,2289,4,110,9,27,33,0,0,0,0,0,1,0,0,0,0,0,0,0,0,0,0,0,0,0,0,0,0,0,1,1,0,0,0,1,0,0,0,1,0,1,0,0,0,1,0,0,0,1,0,0,0,0,0,0,0,106,2,3.15,3.58,5800,86,9095
38,0,96.5,175.4,65.2,54.1,2304,4,110,9,27,33,0,0,0,0,0,1,0,0,0,0,0,0,0,0,0,0,0,0,0,0,0,0,0,1,1,0,0,0,0,1,0,0,1,0,1,0,0,0,1,0,0,0,1,0,0,0,0,0,0,0,85,4,3.15,3.58,5800,86,8845
39,0,96.5,175.4,62.5,54.1,2372,4,110,9,27,33,0,0,0,0,0,1,0,0,0,0,0,0,0,0,0,0,0,0,0,0,0,0,0,1,1,0,0,0,0,1,0,0,1,0,1,0,0,0,1,0,0,0,1,0,0,0,0,0,0,0,85,4,3.15,3.58,5800,86,10295
40,0,96.5,175.4,65.2,54.1,2465,4,110,9,24,28,0,0,0,0,0,1,0,0,0,0,0,0,0,0,0,0,0,0,0,0,0,0,0,1,1,0,0,0,0,1,0,0,1,0,1,0,0,0,1,0,0,0,0,0,0,0,0,1,0,0,85,4,3.15,3.58,5800,101,12945
41,1,96.5,169.1,66,51,2293,4,110,9.1,25,31,0,0,0,0,0,1,0,0,0,0,0,0,0,0,0,0,0,0,0,0,0,0,0,1,1,0,0,0,0,1,0,0,1,0,1,0,0,0,1,0,0,0,0,1,0,0,0,0,0,0,107,2,3.15,3.58,5500,100,10345
42,0,94.3,170.7,61.8,53.5,2337,4,111,8.5,24,29,0,0,0,0,0,0,1,0,0,0,0,0,0,0,0,0,0,0,0,0,0,0,0,1,1,0,0,0,0,1,0,0,0,1,1,0,0,0,1,0,0,0,0,1,0,0,0,0,0,0,122,4,3.31,3.23,4800,78,6785
43,2,96,172.6,65.2,51.4,2734,4,119,9.2,24,29,0,0,0,0,0,0,1,0,0,0,0,0,0,0,0,0,0,0,0,0,0,0,0,1,1,0,0,0,1,0,0,0,0,1,1,0,0,0,1,0,0,0,0,0,0,0,0,0,0,1,122,2,3.43,3.23,5000,90,11048
44,0,113,199.6,69.6,52.8,4066,6,258,8.1,15,19,0,0,0,0,0,0,0,1,0,0,0,0,0,0,0,0,0,0,0,0,0,0,0,1,1,0,0,0,0,1,0,0,0,1,1,0,1,0,0,0,0,0,0,0,0,0,0,1,0,0,145,4,3.63,4.17,4750,176,32250
45,0,113,199.6,69.6,52.8,4066,6,258,8.1,15,19,0,0,0,0,0,0,0,1,0,0,0,0,0,0,0,0,0,0,0,0,0,0,0,1,1,0,0,0,0,1,0,0,0,1,1,0,1,0,0,0,0,0,0,0,0,0,0,1,0,0,122,4,3.63,4.17,4750,176,35550
46,0,102,191.7,70.6,47.8,3950,12,326,11.5,13,17,0,0,0,0,0,0,0,1,0,0,0,0,0,0,0,0,0,0,0,0,0,0,0,1,1,0,0,0,0,1,0,0,0,1,1,0,0,0,0,0,1,0,0,0,0,0,0,1,0,0,122,2,3.54,2.76,5000,262,36000
47,1,93.1,159.1,64.2,54.1,1890,4,91,9,30,31,0,0,0,0,0,0,0,0,1,0,0,0,0,0,0,0,0,0,0,0,0,0,0,1,1,0,0,0,1,0,0,0,1,0,1,0,0,0,1,0,0,0,0,1,0,0,0,0,0,0,104,2,3.03,3.15,5000,68,5195
48,1,93.1,159.1,64.2,54.1,1900,4,91,9,31,38,0,0,0,0,0,0,0,0,1,0,0,0,0,0,0,0,0,0,0,0,0,0,0,1,1,0,0,0,1,0,0,0,1,0,1,0,0,0,1,0,0,0,0,1,0,0,0,0,0,0,104,2,3.03,3.15,5000,68,6095
49,1,93.1,159.1,64.2,54.1,1905,4,91,9,31,38,0,0,0,0,0,0,0,0,1,0,0,0,0,0,0,0,0,0,0,0,0,0,0,1,1,0,0,0,1,0,0,0,1,0,1,0,0,0,1,0,0,0,0,1,0,0,0,0,0,0,104,2,3.03,3.15,5000,68,6795
50,1,93.1,166.8,64.2,54.1,1945,4,91,9,31,38,0,0,0,0,0,0,0,0,1,0,0,0,0,0,0,0,0,0,0,0,0,0,0,1,1,0,0,0,0,1,0,0,1,0,1,0,0,0,1,0,0,0,0,1,0,0,0,0,0,0,113,4,3.03,3.15,5000,68,6695
51,1,93.1,166.8,64.2,54.1,1950,4,91,9,31,38,0,0,0,0,0,0,0,0,1,0,0,0,0,0,0,0,0,0,0,0,0,0,0,1,1,0,0,0,0,1,0,0,1,0,1,0,0,0,1,0,0,0,0,1,0,0,0,0,0,0,113,4,3.08,3.15,5000,68,7395
52,3,95.3,169,65.7,49.6,2380,2,70,9.4,17,23,0,0,0,0,0,0,0,0,1,0,0,0,0,0,0,0,0,0,0,0,0,0,0,1,1,0,0,0,1,0,0,0,0,1,1,0,0,0,0,0,0,1,0,0,1,0,0,0,0,0,150,2,3.33071065989848,3.25690355329949,6000,101,10945
53,3,95.3,169,65.7,49.6,2380,2,70,9.4,17,23,0,0,0,0,0,0,0,0,1,0,0,0,0,0,0,0,0,0,0,0,0,0,0,1,1,0,0,0,1,0,0,0,0,1,1,0,0,0,0,0,0,1,0,0,1,0,0,0,0,0,150,2,3.33071065989848,3.25690355329949,6000,101,11845
54,3,95.3,169,65.7,49.6,2385,2,70,9.4,17,23,0,0,0,0,0,0,0,0,1,0,0,0,0,0,0,0,0,0,0,0,0,0,0,1,1,0,0,0,1,0,0,0,0,1,1,0,0,0,0,0,0,1,0,0,1,0,0,0,0,0,150,2,3.33071065989848,3.25690355329949,6000,101,13645
55,3,95.3,169,65.7,49.6,2500,2,80,9.4,16,23,0,0,0,0,0,0,0,0,1,0,0,0,0,0,0,0,0,0,0,0,0,0,0,1,1,0,0,0,1,0,0,0,0,1,1,0,0,0,0,0,0,1,0,0,0,0,0,1,0,0,150,2,3.33071065989848,3.25690355329949,6000,135,15645
56,1,98.8,177.8,66.5,53.7,2385,4,122,8.6,26,32,0,0,0,0,0,0,0,0,1,0,0,0,0,0,0,0,0,0,0,0,0,0,0,1,1,0,0,0,1,0,0,0,1,0,1,0,0,0,1,0,0,0,0,1,0,0,0,0,0,0,129,2,3.39,3.39,4800,84,8845
57,0,98.8,177.8,66.5,55.5,2410,4,122,8.6,26,32,0,0,0,0,0,0,0,0,1,0,0,0,0,0,0,0,0,0,0,0,0,0,0,1,1,0,0,0,0,1,0,0,1,0,1,0,0,0,1,0,0,0,0,1,0,0,0,0,0,0,115,4,3.39,3.39,4800,84,8495
58,1,98.8,177.8,66.5,53.7,2385,4,122,8.6,26,32,0,0,0,0,0,0,0,0,1,0,0,0,0,0,0,0,0,0,0,0,0,0,0,1,1,0,0,0,1,0,0,0,1,0,1,0,0,0,1,0,0,0,0,1,0,0,0,0,0,0,129,2,3.39,3.39,4800,84,10595
59,0,98.8,177.8,66.5,55.5,2410,4,122,8.6,26,32,0,0,0,0,0,0,0,0,1,0,0,0,0,0,0,0,0,0,0,0,0,0,0,1,1,0,0,0,0,1,0,0,1,0,1,0,0,0,1,0,0,0,0,1,0,0,0,0,0,0,115,4,3.39,3.39,4800,84,10245
60,0,98.8,177.8,66.5,55.5,2443,4,122,22.7,36,42,0,0,0,0,0,0,0,0,1,0,0,0,0,0,0,0,0,0,0,0,0,0,1,0,1,0,0,0,0,1,0,0,1,0,1,0,0,0,1,0,0,0,0,0,0,1,0,0,0,0,122,3.1356783919598,3.39,3.39,4650,64,10795
61,0,98.8,177.8,66.5,55.5,2425,4,122,8.6,26,32,0,0,0,0,0,0,0,0,1,0,0,0,0,0,0,0,0,0,0,0,0,0,0,1,1,0,0,0,1,0,0,0,1,0,1,0,0,0,1,0,0,0,0,1,0,0,0,0,0,0,115,4,3.39,3.39,4800,84,11245
62,0,104.9,175,66.1,54.4,2670,4,140,8,19,27,0,0,0,0,0,0,0,0,1,0,0,0,0,0,0,0,0,0,0,0,0,0,0,1,1,0,0,0,0,1,0,0,0,1,1,0,0,0,1,0,0,0,0,0,0,0,0,1,0,0,118,4,3.76,3.16,5000,120,18280
63,0,104.9,175,66.1,54.4,2700,4,134,22,31,39,0,0,0,0,0,0,0,0,1,0,0,0,0,0,0,0,0,0,0,0,0,0,1,0,1,0,0,0,0,1,0,0,0,1,1,0,0,0,1,0,0,0,0,0,0,1,0,0,0,0,122,4,3.43,3.64,4200,72,18344
64,-1,110,190.9,70.3,56.5,3515,5,183,21.5,22,25,0,0,0,0,0,0,0,0,0,1,0,0,0,0,0,0,0,0,0,0,0,0,1,0,0,1,0,0,0,1,0,0,0,1,1,0,0,0,1,0,0,0,0,0,0,1,0,0,0,0,93,4,3.58,3.64,4350,123,25552
65,-1,110,190.9,70.3,58.7,3750,5,183,21.5,22,25,0,0,0,0,0,0,0,0,0,1,0,0,0,0,0,0,0,0,0,0,0,0,1,0,0,1,0,0,0,0,1,0,0,1,1,0,0,0,1,0,0,0,0,0,0,1,0,0,0,0,93,4,3.58,3.64,4350,123,28248
66,0,106.7,187.5,70.3,54.9,3495,5,183,21.5,22,25,0,0,0,0,0,0,0,0,0,1,0,0,0,0,0,0,0,0,0,0,0,0,1,0,0,1,0,1,0,0,0,0,0,1,1,0,0,0,1,0,0,0,0,0,0,1,0,0,0,0,93,2,3.58,3.64,4350,123,28176
67,-1,115.6,202.6,71.7,56.3,3770,5,183,21.5,22,25,0,0,0,0,0,0,0,0,0,1,0,0,0,0,0,0,0,0,0,0,0,0,1,0,0,1,0,0,0,1,0,0,0,1,1,0,0,0,1,0,0,0,0,0,0,1,0,0,0,0,93,4,3.58,3.64,4350,123,31600
68,-1,115.6,202.6,71.7,56.5,3740,8,234,8.3,16,18,0,0,0,0,0,0,0,0,0,1,0,0,0,0,0,0,0,0,0,0,0,0,0,1,1,0,0,0,0,1,0,0,0,1,1,0,0,0,0,0,1,0,0,0,0,0,0,1,0,0,122,4,3.46,3.1,4750,155,34184
69,3,96.6,180.3,70.5,50.8,3685,8,234,8.3,16,18,0,0,0,0,0,0,0,0,0,1,0,0,0,0,0,0,0,0,0,0,0,0,0,1,1,0,1,0,0,0,0,0,0,1,1,0,0,0,0,0,1,0,0,0,0,0,0,1,0,0,142,2,3.46,3.1,4750,155,35056
70,0,120.9,208.1,71.7,56.7,3900,8,308,8,14,16,0,0,0,0,0,0,0,0,0,1,0,0,0,0,0,0,0,0,0,0,0,0,0,1,1,0,0,0,0,1,0,0,0,1,1,0,0,0,0,0,1,0,0,0,0,0,0,1,0,0,122,4,3.8,3.35,4500,184,40960
71,1,112,199.2,72,55.4,3715,8,304,8,14,16,0,0,0,0,0,0,0,0,0,1,0,0,0,0,0,0,0,0,0,0,0,0,0,1,1,0,0,1,0,0,0,0,0,1,1,0,0,0,0,0,1,0,0,0,0,0,0,1,0,0,122,2,3.8,3.35,4500,184,45400
72,1,102.7,178.4,68,54.8,2910,4,140,8,19,24,0,0,0,0,0,0,0,0,0,0,1,0,0,0,0,0,0,0,0,0,0,0,0,1,0,1,0,0,1,0,0,0,0,1,1,0,0,0,1,0,0,0,0,0,0,0,0,1,0,0,122,2,3.78,3.12,5000,175,16503
73,2,93.7,157.3,64.4,50.8,1918,4,92,9.4,37,41,0,0,0,0,0,0,0,0,0,0,0,1,0,0,0,0,0,0,0,0,0,0,0,1,1,0,0,0,1,0,0,0,1,0,1,0,0,0,1,0,0,0,0,1,0,0,0,0,0,0,161,2,2.97,3.23,5500,68,5389
74,2,93.7,157.3,64.4,50.8,1944,4,92,9.4,31,38,0,0,0,0,0,0,0,0,0,0,0,1,0,0,0,0,0,0,0,0,0,0,0,1,1,0,0,0,1,0,0,0,1,0,1,0,0,0,1,0,0,0,0,1,0,0,0,0,0,0,161,2,2.97,3.23,5500,68,6189
75,2,93.7,157.3,64.4,50.8,2004,4,92,9.4,31,38,0,0,0,0,0,0,0,0,0,0,0,1,0,0,0,0,0,0,0,0,0,0,0,1,1,0,0,0,1,0,0,0,1,0,1,0,0,0,1,0,0,0,0,1,0,0,0,0,0,0,161,2,2.97,3.23,5500,68,6669
76,1,93,157.3,63.8,50.8,2145,4,98,7.6,24,30,0,0,0,0,0,0,0,0,0,0,0,1,0,0,0,0,0,0,0,0,0,0,0,1,0,1,0,0,1,0,0,0,1,0,1,0,0,0,1,0,0,0,0,0,0,0,0,0,1,0,161,2,3.03,3.39,5500,102,7689
77,3,96.3,173,65.4,49.4,2370,4,110,7.5,23,30,0,0,0,0,0,0,0,0,0,0,0,1,0,0,0,0,0,0,0,0,0,0,0,1,0,1,0,0,1,0,0,0,1,0,1,0,0,0,1,0,0,0,0,0,0,0,0,0,1,0,153,2,3.17,3.46,5500,116,9959
78,3,96.3,173,65.4,49.4,2328,4,122,8.5,25,32,0,0,0,0,0,0,0,0,0,0,0,1,0,0,0,0,0,0,0,0,0,0,0,1,1,0,0,0,1,0,0,0,1,0,1,0,0,0,1,0,0,0,0,1,0,0,0,0,0,0,153,2,3.35,3.46,5000,88,8499
79,3,95.9,173.2,66.3,50.2,2833,4,156,7,19,24,0,0,0,0,0,0,0,0,0,0,0,1,0,0,0,0,0,0,0,0,0,0,0,1,0,1,0,0,1,0,0,0,1,0,1,0,0,0,1,0,0,0,0,0,0,0,0,0,1,0,122,2,3.58,3.86,5000,145,12629
80,3,95.9,173.2,66.3,50.2,2921,4,156,7,19,24,0,0,0,0,0,0,0,0,0,0,0,1,0,0,0,0,0,0,0,0,0,0,0,1,0,1,0,0,1,0,0,0,1,0,1,0,0,0,1,0,0,0,0,0,0,0,0,0,1,0,122,2,3.59,3.86,5000,145,14869
81,3,95.9,173.2,66.3,50.2,2926,4,156,7,19,24,0,0,0,0,0,0,0,0,0,0,0,1,0,0,0,0,0,0,0,0,0,0,0,1,0,1,0,0,1,0,0,0,1,0,1,0,0,0,1,0,0,0,0,0,0,0,0,0,1,0,122,2,3.59,3.86,5000,145,14489
82,1,96.3,172.4,65.4,51.6,2365,4,122,8.5,25,32,0,0,0,0,0,0,0,0,0,0,0,1,0,0,0,0,0,0,0,0,0,0,0,1,1,0,0,0,0,1,0,0,1,0,1,0,0,0,1,0,0,0,0,1,0,0,0,0,0,0,125,4,3.35,3.46,5000,88,6989
83,1,96.3,172.4,65.4,51.6,2405,4,122,8.5,25,32,0,0,0,0,0,0,0,0,0,0,0,1,0,0,0,0,0,0,0,0,0,0,0,1,1,0,0,0,0,1,0,0,1,0,1,0,0,0,1,0,0,0,0,1,0,0,0,0,0,0,125,4,3.35,3.46,5000,88,8189
84,1,96.3,172.4,65.4,51.6,2403,4,110,7.5,23,30,0,0,0,0,0,0,0,0,0,0,0,1,0,0,0,0,0,0,0,0,0,0,0,1,0,1,0,0,0,1,0,0,1,0,1,0,0,0,1,0,0,0,0,0,0,0,0,0,1,0,125,4,3.17,3.46,5500,116,9279
85,-1,96.3,172.4,65.4,51.6,2403,4,110,7.5,23,30,0,0,0,0,0,0,0,0,0,0,0,1,0,0,0,0,0,0,0,0,0,0,0,1,1,0,0,0,0,1,0,0,1,0,1,0,0,0,1,0,0,0,0,0,0,0,0,0,1,0,137,4,3.17,3.46,5500,116,9279
86,1,94.5,165.3,63.8,54.5,1889,4,97,9.4,31,37,0,0,0,0,0,0,0,0,0,0,0,0,1,0,0,0,0,0,0,0,0,0,0,1,1,0,0,0,0,1,0,0,1,0,1,0,0,0,1,0,0,0,0,1,0,0,0,0,0,0,128,2,3.15,3.29,5200,69,5499
87,1,94.5,165.3,63.8,54.5,2017,4,103,21.9,45,50,0,0,0,0,0,0,0,0,0,0,0,0,1,0,0,0,0,0,0,0,0,0,1,0,1,0,0,0,0,1,0,0,1,0,1,0,0,0,1,0,0,0,0,0,0,1,0,0,0,0,128,2,2.99,3.47,4800,55,7099
88,1,94.5,165.3,63.8,54.5,1918,4,97,9.4,31,37,0,0,0,0,0,0,0,0,0,0,0,0,1,0,0,0,0,0,0,0,0,0,0,1,1,0,0,0,0,1,0,0,1,0,1,0,0,0,1,0,0,0,0,1,0,0,0,0,0,0,128,2,3.15,3.29,5200,69,6649
89,1,94.5,165.3,63.8,54.5,1938,4,97,9.4,31,37,0,0,0,0,0,0,0,0,0,0,0,0,1,0,0,0,0,0,0,0,0,0,0,1,1,0,0,0,0,1,0,0,1,0,1,0,0,0,1,0,0,0,0,1,0,0,0,0,0,0,122,4,3.15,3.29,5200,69,6849
90,1,94.5,170.2,63.8,53.5,2024,4,97,9.4,31,37,0,0,0,0,0,0,0,0,0,0,0,0,1,0,0,0,0,0,0,0,0,0,0,1,1,0,0,0,0,0,1,0,1,0,1,0,0,0,1,0,0,0,0,1,0,0,0,0,0,0,103,4,3.15,3.29,5200,69,7349
91,1,94.5,165.3,63.8,54.5,1951,4,97,9.4,31,37,0,0,0,0,0,0,0,0,0,0,0,0,1,0,0,0,0,0,0,0,0,0,0,1,1,0,0,0,0,1,0,0,1,0,1,0,0,0,1,0,0,0,0,1,0,0,0,0,0,0,128,2,3.15,3.29,5200,69,7299
92,1,94.5,165.6,63.8,53.3,2028,4,97,9.4,31,37,0,0,0,0,0,0,0,0,0,0,0,0,1,0,0,0,0,0,0,0,0,0,0,1,1,0,0,0,1,0,0,0,1,0,1,0,0,0,1,0,0,0,0,1,0,0,0,0,0,0,128,2,3.15,3.29,5200,69,7799
93,1,94.5,165.3,63.8,54.5,1971,4,97,9.4,31,37,0,0,0,0,0,0,0,0,0,0,0,0,1,0,0,0,0,0,0,0,0,0,0,1,1,0,0,0,0,1,0,0,1,0,1,0,0,0,1,0,0,0,0,1,0,0,0,0,0,0,122,4,3.15,3.29,5200,69,7499
94,1,94.5,170.2,63.8,53.5,2037,4,97,9.4,31,37,0,0,0,0,0,0,0,0,0,0,0,0,1,0,0,0,0,0,0,0,0,0,0,1,1,0,0,0,0,0,1,0,1,0,1,0,0,0,1,0,0,0,0,1,0,0,0,0,0,0,103,4,3.15,3.29,5200,69,7999
95,2,95.1,162.4,63.8,53.3,2008,4,97,9.4,31,37,0,0,0,0,0,0,0,0,0,0,0,0,1,0,0,0,0,0,0,0,0,0,0,1,1,0,0,1,0,0,0,0,1,0,1,0,0,0,1,0,0,0,0,1,0,0,0,0,0,0,168,2,3.15,3.29,5200,69,8249
96,0,97.2,173.4,65.2,54.7,2324,4,120,8.5,27,34,0,0,0,0,0,0,0,0,0,0,0,0,1,0,0,0,0,0,0,0,0,0,0,1,1,0,0,0,1,0,0,0,1,0,1,0,0,0,1,0,0,0,0,1,0,0,0,0,0,0,106,4,3.33,3.47,5200,97,8949
97,0,97.2,173.4,65.2,54.7,2302,4,120,8.5,27,34,0,0,0,0,0,0,0,0,0,0,0,0,1,0,0,0,0,0,0,0,0,0,0,1,1,0,0,0,0,1,0,0,1,0,1,0,0,0,1,0,0,0,0,1,0,0,0,0,0,0,106,4,3.33,3.47,5200,97,9549
98,0,100.4,181.7,66.5,55.1,3095,6,181,9,17,22,0,0,0,0,0,0,0,0,0,0,0,0,1,0,0,0,0,0,0,0,0,0,0,1,1,0,0,0,0,1,0,0,1,0,1,0,0,0,0,0,1,0,0,0,0,0,0,1,0,0,128,4,3.43,3.27,5200,152,13499
99,0,100.4,184.6,66.5,56.1,3296,6,181,9,17,22,0,0,0,0,0,0,0,0,0,0,0,0,1,0,0,0,0,0,0,0,0,0,0,1,1,0,0,0,0,0,1,0,1,0,1,0,0,0,0,0,1,0,0,0,0,0,0,1,0,0,108,4,3.43,3.27,5200,152,14399
100,0,100.4,184.6,66.5,55.1,3060,6,181,9,19,25,0,0,0,0,0,0,0,0,0,0,0,0,1,0,0,0,0,0,0,0,0,0,0,1,1,0,0,0,0,1,0,0,1,0,1,0,0,0,0,0,1,0,0,0,0,0,0,1,0,0,108,4,3.43,3.27,5200,152,13499
101,3,91.3,170.7,67.9,49.7,3071,6,181,9,19,25,0,0,0,0,0,0,0,0,0,0,0,0,1,0,0,0,0,0,0,0,0,0,0,1,1,0,0,0,1,0,0,0,0,1,1,0,0,0,0,0,1,0,0,0,0,0,0,1,0,0,194,2,3.43,3.27,5200,160,17199
102,3,91.3,170.7,67.9,49.7,3139,6,181,7.8,17,23,0,0,0,0,0,0,0,0,0,0,0,0,1,0,0,0,0,0,0,0,0,0,0,1,0,1,0,0,1,0,0,0,0,1,1,0,0,0,0,0,1,0,0,0,0,0,0,1,0,0,194,2,3.43,3.27,5200,200,19699
103,1,99.2,178.5,67.9,49.7,3139,6,181,9,19,25,0,0,0,0,0,0,0,0,0,0,0,0,1,0,0,0,0,0,0,0,0,0,0,1,1,0,0,0,1,0,0,0,0,1,1,0,0,0,0,0,1,0,0,0,0,0,0,1,0,0,231,2,3.43,3.27,5200,160,18399
104,0,107.9,186.7,68.4,56.7,3020,4,120,8.4,19,24,0,0,0,0,0,0,0,0,0,0,0,0,0,1,0,0,0,0,0,0,0,0,0,1,1,0,0,0,0,1,0,0,0,1,1,0,0,1,0,0,0,0,0,0,0,0,0,1,0,0,161,4,3.46,3.19,5000,97,11900
105,0,107.9,186.7,68.4,56.7,3197,4,152,21,28,33,0,0,0,0,0,0,0,0,0,0,0,0,0,1,0,0,0,0,0,0,0,0,1,0,0,1,0,0,0,1,0,0,0,1,1,0,0,1,0,0,0,0,0,0,0,1,0,0,0,0,161,4,3.7,3.52,4150,95,13200
106,0,114.2,198.9,68.4,58.7,3230,4,120,8.4,19,24,0,0,0,0,0,0,0,0,0,0,0,0,0,1,0,0,0,0,0,0,0,0,0,1,1,0,0,0,0,0,1,0,0,1,1,0,0,1,0,0,0,0,0,0,0,0,0,1,0,0,122,4,3.46,3.19,5000,97,12440
107,0,114.2,198.9,68.4,58.7,3430,4,152,21,25,25,0,0,0,0,0,0,0,0,0,0,0,0,0,1,0,0,0,0,0,0,0,0,1,0,0,1,0,0,0,0,1,0,0,1,1,0,0,1,0,0,0,0,0,0,0,1,0,0,0,0,122,4,3.7,3.52,4150,95,13860
108,0,107.9,186.7,68.4,56.7,3075,4,120,8.4,19,24,0,0,0,0,0,0,0,0,0,0,0,0,0,1,0,0,0,0,0,0,0,0,0,1,1,0,0,0,0,1,0,0,0,1,1,0,0,1,0,0,0,0,0,0,0,0,0,1,0,0,161,4,3.46,2.19,5000,95,15580
109,0,107.9,186.7,68.4,56.7,3252,4,152,21,28,33,0,0,0,0,0,0,0,0,0,0,0,0,0,1,0,0,0,0,0,0,0,0,1,0,0,1,0,0,0,1,0,0,0,1,1,0,0,1,0,0,0,0,0,0,0,1,0,0,0,0,161,4,3.7,3.52,4150,95,16900
110,0,114.2,198.9,68.4,56.7,3285,4,120,8.4,19,24,0,0,0,0,0,0,0,0,0,0,0,0,0,1,0,0,0,0,0,0,0,0,0,1,1,0,0,0,0,0,1,0,0,1,1,0,0,1,0,0,0,0,0,0,0,0,0,1,0,0,122,4,3.46,2.19,5000,95,16695
111,0,114.2,198.9,68.4,58.7,3485,4,152,21,25,25,0,0,0,0,0,0,0,0,0,0,0,0,0,1,0,0,0,0,0,0,0,0,1,0,0,1,0,0,0,0,1,0,0,1,1,0,0,1,0,0,0,0,0,0,0,1,0,0,0,0,122,4,3.7,3.52,4150,95,17075
112,0,107.9,186.7,68.4,56.7,3075,4,120,8.4,19,24,0,0,0,0,0,0,0,0,0,0,0,0,0,1,0,0,0,0,0,0,0,0,0,1,1,0,0,0,0,1,0,0,0,1,1,0,0,1,0,0,0,0,0,0,0,0,0,1,0,0,161,4,3.46,3.19,5000,97,16630
113,0,107.9,186.7,68.4,56.7,3252,4,152,21,28,33,0,0,0,0,0,0,0,0,0,0,0,0,0,1,0,0,0,0,0,0,0,0,1,0,0,1,0,0,0,1,0,0,0,1,1,0,0,1,0,0,0,0,0,0,0,1,0,0,0,0,161,4,3.7,3.52,4150,95,17950
114,0,108,186.7,68.3,56,3130,4,134,7,18,24,0,0,0,0,0,0,0,0,0,0,0,0,0,1,0,0,0,0,0,0,0,0,0,1,0,1,0,0,0,1,0,0,0,1,1,0,0,1,0,0,0,0,0,0,0,0,0,1,0,0,161,4,3.61,3.21,5600,142,18150
115,1,93.7,157.3,63.8,50.8,1918,4,90,9.4,37,41,0,0,0,0,0,0,0,0,0,0,0,0,0,0,1,0,0,0,0,0,0,0,0,1,1,0,0,0,1,0,0,0,1,0,1,0,0,0,1,0,0,0,0,1,0,0,0,0,0,0,119,2,2.97,3.23,5500,68,5572
116,1,93.7,157.3,63.8,50.8,2128,4,98,7.6,24,30,0,0,0,0,0,0,0,0,0,0,0,0,0,0,1,0,0,0,0,0,0,0,0,1,0,1,0,0,1,0,0,0,1,0,1,0,0,0,1,0,0,0,0,0,0,0,0,0,1,0,119,2,3.03,3.39,5500,102,7957
117,1,93.7,157.3,63.8,50.6,1967,4,90,9.4,31,38,0,0,0,0,0,0,0,0,0,0,0,0,0,0,1,0,0,0,0,0,0,0,0,1,1,0,0,0,1,0,0,0,1,0,1,0,0,0,1,0,0,0,0,1,0,0,0,0,0,0,154,4,2.97,3.23,5500,68,6229
118,1,93.7,167.3,63.8,50.8,1989,4,90,9.4,31,38,0,0,0,0,0,0,0,0,0,0,0,0,0,0,1,0,0,0,0,0,0,0,0,1,1,0,0,0,0,1,0,0,1,0,1,0,0,0,1,0,0,0,0,1,0,0,0,0,0,0,154,4,2.97,3.23,5500,68,6692
119,1,93.7,167.3,63.8,50.8,2191,4,98,9.4,31,38,0,0,0,0,0,0,0,0,0,0,0,0,0,0,1,0,0,0,0,0,0,0,0,1,1,0,0,0,0,1,0,0,1,0,1,0,0,0,1,0,0,0,0,1,0,0,0,0,0,0,154,4,2.97,3.23,5500,68,7609
120,-1,103.3,174.6,64.6,59.8,2535,4,122,8.5,24,30,0,0,0,0,0,0,0,0,0,0,0,0,0,0,1,0,0,0,0,0,0,0,0,1,1,0,0,0,0,0,1,0,1,0,1,0,0,0,1,0,0,0,0,1,0,0,0,0,0,0,74,4,3.35,3.46,5000,88,8921
121,3,95.9,173.2,66.3,50.2,2818,4,156,7,19,24,0,0,0,0,0,0,0,0,0,0,0,0,0,0,1,0,0,0,0,0,0,0,0,1,0,1,0,0,1,0,0,0,0,1,1,0,0,0,1,0,0,0,0,0,0,0,0,0,1,0,122,2,3.59,3.86,5000,145,12764
122,3,94.5,168.9,68.3,50.2,2778,4,151,9.5,19,27,0,0,0,0,0,0,0,0,0,0,0,0,0,0,0,1,0,0,0,0,0,0,0,1,1,0,0,0,1,0,0,0,0,1,1,0,0,0,1,0,0,0,0,0,0,0,0,1,0,0,186,2,3.94,3.11,5500,143,22018
123,3,89.5,168.9,65,51.6,2756,6,194,9.5,17,25,0,0,0,0,0,0,0,0,0,0,0,0,0,0,0,1,0,0,0,0,0,0,0,1,1,0,0,1,0,0,0,0,0,1,0,1,0,0,0,1,0,0,0,0,0,0,0,1,0,0,122,2,3.74,2.9,5900,207,32528
124,3,89.5,168.9,65,51.6,2756,6,194,9.5,17,25,0,0,0,0,0,0,0,0,0,0,0,0,0,0,0,1,0,0,0,0,0,0,0,1,1,0,0,1,0,0,0,0,0,1,0,1,0,0,0,1,0,0,0,0,0,0,0,1,0,0,122,2,3.74,2.9,5900,207,34028
125,3,89.5,168.9,65,51.6,2800,6,194,9.5,17,25,0,0,0,0,0,0,0,0,0,0,0,0,0,0,0,1,0,0,0,0,0,0,0,1,1,0,1,0,0,0,0,0,0,1,0,1,0,0,0,1,0,0,0,0,0,0,0,1,0,0,122,2,3.74,2.9,5900,207,37028
126,0,96.1,181.5,66.5,55.2,2579,4,132,8.7,23,31,0,0,0,0,0,0,0,0,0,0,0,0,0,0,0,0,1,0,0,0,0,0,0,1,1,0,0,0,0,0,1,0,1,0,1,0,0,0,1,0,0,0,0,0,0,0,0,1,0,0,122,4,3.46,3.9,5117.58793969849,103.396984924623,9295
127,2,96.1,176.8,66.6,50.5,2460,4,132,8.7,23,31,0,0,0,0,0,0,0,0,0,0,0,0,0,0,0,0,1,0,0,0,0,0,0,1,1,0,0,0,1,0,0,0,1,0,1,0,0,0,1,0,0,0,0,0,0,0,0,1,0,0,122,2,3.46,3.9,5117.58793969849,103.396984924623,9895
128,3,99.1,186.6,66.5,56.1,2658,4,121,9.31,21,28,0,0,0,0,0,0,0,0,0,0,0,0,0,0,0,0,0,1,0,0,0,0,0,1,1,0,0,0,1,0,0,0,1,0,1,0,0,0,1,0,0,0,0,0,0,0,0,1,0,0,150,2,3.54,3.07,5250,110,11850
129,2,99.1,186.6,66.5,56.1,2695,4,121,9.3,21,28,0,0,0,0,0,0,0,0,0,0,0,0,0,0,0,0,0,1,0,0,0,0,0,1,1,0,0,0,0,1,0,0,1,0,1,0,0,0,1,0,0,0,0,0,0,0,0,1,0,0,104,4,3.54,3.07,5250,110,12170
130,3,99.1,186.6,66.5,56.1,2707,4,121,9.3,21,28,0,0,0,0,0,0,0,0,0,0,0,0,0,0,0,0,0,1,0,0,0,0,0,1,1,0,0,0,1,0,0,0,1,0,1,0,0,0,1,0,0,0,0,0,0,0,0,1,0,0,150,2,2.54,2.07,5250,110,15040
131,2,99.1,186.6,66.5,56.1,2758,4,121,9.3,21,28,0,0,0,0,0,0,0,0,0,0,0,0,0,0,0,0,0,1,0,0,0,0,0,1,1,0,0,0,0,1,0,0,1,0,1,0,0,0,1,0,0,0,0,0,0,0,0,1,0,0,104,4,3.54,3.07,5250,110,15510
132,3,99.1,186.6,66.5,56.1,2808,4,121,9,19,26,0,0,0,0,0,0,0,0,0,0,0,0,0,0,0,0,0,1,0,0,0,0,0,1,0,1,0,0,1,0,0,0,1,0,1,0,1,0,0,0,0,0,0,0,0,0,0,1,0,0,150,2,3.54,3.07,5500,160,18150
133,2,99.1,186.6,66.5,56.1,2847,4,121,9,19,26,0,0,0,0,0,0,0,0,0,0,0,0,0,0,0,0,0,1,0,0,0,0,0,1,0,1,0,0,0,1,0,0,1,0,1,0,1,0,0,0,0,0,0,0,0,0,0,1,0,0,104,4,3.54,3.07,5500,160,18620
134,2,93.7,156.9,63.4,53.7,2050,4,97,9,31,36,0,0,0,0,0,0,0,0,0,0,0,0,0,0,0,0,0,0,1,0,0,0,0,1,1,0,0,0,1,0,0,0,1,0,1,0,0,0,0,1,0,0,0,1,0,0,0,0,0,0,83,2,3.62,2.36,4900,69,5118
135,2,93.7,157.9,63.6,53.7,2120,4,108,8.7,26,31,0,0,0,0,0,0,0,0,0,0,0,0,0,0,0,0,0,0,1,0,0,0,0,1,1,0,0,0,1,0,0,0,1,0,1,0,0,0,0,1,0,0,0,1,0,0,0,0,0,0,83,2,3.62,2.64,4400,73,7053
136,2,93.3,157.3,63.8,55.7,2240,4,108,8.7,26,31,0,0,0,0,0,0,0,0,0,0,0,0,0,0,0,0,0,0,1,0,0,0,0,1,1,0,0,0,1,0,0,1,0,0,1,0,0,0,0,1,0,0,0,1,0,0,0,0,0,0,83,2,3.62,2.64,4400,73,7603
137,0,97.2,172,65.4,52.5,2145,4,108,9.5,32,37,0,0,0,0,0,0,0,0,0,0,0,0,0,0,0,0,0,0,1,0,0,0,0,1,1,0,0,0,0,1,0,0,1,0,1,0,0,0,0,1,0,0,0,1,0,0,0,0,0,0,102,4,3.62,2.64,4800,82,7126
138,0,97.2,172,65.4,52.5,2190,4,108,9.5,28,33,0,0,0,0,0,0,0,0,0,0,0,0,0,0,0,0,0,0,1,0,0,0,0,1,1,0,0,0,0,1,0,0,1,0,1,0,0,0,0,1,0,0,0,1,0,0,0,0,0,0,102,4,3.62,2.64,4400,82,7775
139,0,97.2,172,65.4,52.5,2340,4,108,9,26,32,0,0,0,0,0,0,0,0,0,0,0,0,0,0,0,0,0,0,1,0,0,0,0,1,1,0,0,0,0,1,0,0,1,0,1,0,0,0,0,1,0,0,0,0,0,0,0,1,0,0,102,4,3.62,2.64,5200,94,9960
140,0,97,172,65.4,54.3,2385,4,108,9,24,25,0,0,0,0,0,0,0,0,0,0,0,0,0,0,0,0,0,0,1,0,0,0,0,1,1,0,0,0,0,1,0,1,0,0,1,0,0,0,0,1,0,0,0,1,0,0,0,0,0,0,102,4,3.62,2.64,4800,82,9233
141,0,97,172,65.4,54.3,2510,4,108,7.7,24,29,0,0,0,0,0,0,0,0,0,0,0,0,0,0,0,0,0,0,1,0,0,0,0,1,0,1,0,0,0,1,0,1,0,0,1,0,0,0,0,1,0,0,0,0,0,0,0,1,0,0,102,4,3.62,2.64,4800,111,11259
142,0,97,173.5,65.4,53,2290,4,108,9,28,32,0,0,0,0,0,0,0,0,0,0,0,0,0,0,0,0,0,0,1,0,0,0,0,1,1,0,0,0,0,0,1,0,1,0,1,0,0,0,0,1,0,0,0,1,0,0,0,0,0,0,89,4,3.62,2.64,4800,82,7463
143,0,97,173.5,65.4,53,2455,4,108,9,25,31,0,0,0,0,0,0,0,0,0,0,0,0,0,0,0,0,0,0,1,0,0,0,0,1,1,0,0,0,0,0,1,0,1,0,1,0,0,0,0,1,0,0,0,0,0,0,0,1,0,0,89,4,3.62,2.64,5200,94,10198
144,0,96.9,173.6,65.4,54.9,2420,4,108,9,23,29,0,0,0,0,0,0,0,0,0,0,0,0,0,0,0,0,0,0,1,0,0,0,0,1,1,0,0,0,0,0,1,1,0,0,1,0,0,0,0,1,0,0,0,1,0,0,0,0,0,0,85,4,3.62,2.64,4800,82,8013
145,0,96.9,173.6,65.4,54.9,2650,4,108,7.7,23,23,0,0,0,0,0,0,0,0,0,0,0,0,0,0,0,0,0,0,1,0,0,0,0,1,0,1,0,0,0,0,1,1,0,0,1,0,0,0,0,1,0,0,0,0,0,0,0,1,0,0,85,4,3.62,2.64,4800,111,11694
146,1,95.7,158.7,63.6,54.5,1985,4,92,9,35,39,0,0,0,0,0,0,0,0,0,0,0,0,0,0,0,0,0,0,0,1,0,0,0,1,1,0,0,0,1,0,0,0,1,0,1,0,0,0,1,0,0,0,0,1,0,0,0,0,0,0,87,2,3.05,3.03,4800,62,5348
147,1,95.7,158.7,63.6,54.5,2040,4,92,9,31,38,0,0,0,0,0,0,0,0,0,0,0,0,0,0,0,0,0,0,0,1,0,0,0,1,1,0,0,0,1,0,0,0,1,0,1,0,0,0,1,0,0,0,0,1,0,0,0,0,0,0,87,2,3.05,3.03,4800,62,6338
148,1,95.7,158.7,63.6,54.5,2015,4,92,9,31,38,0,0,0,0,0,0,0,0,0,0,0,0,0,0,0,0,0,0,0,1,0,0,0,1,1,0,0,0,1,0,0,0,1,0,1,0,0,0,1,0,0,0,0,1,0,0,0,0,0,0,74,4,3.05,3.03,4800,62,6488
149,0,95.7,169.7,63.6,59.1,2280,4,92,9,31,37,0,0,0,0,0,0,0,0,0,0,0,0,0,0,0,0,0,0,0,1,0,0,0,1,1,0,0,0,0,0,1,0,1,0,1,0,0,0,1,0,0,0,0,1,0,0,0,0,0,0,77,4,3.05,3.03,4800,62,6918
150,0,95.7,169.7,63.6,59.1,2290,4,92,9,27,32,0,0,0,0,0,0,0,0,0,0,0,0,0,0,0,0,0,0,0,1,0,0,0,1,1,0,0,0,0,0,1,1,0,0,1,0,0,0,1,0,0,0,0,1,0,0,0,0,0,0,81,4,3.05,3.03,4800,62,7898
151,0,95.7,169.7,63.6,59.1,3110,4,92,9,27,32,0,0,0,0,0,0,0,0,0,0,0,0,0,0,0,0,0,0,0,1,0,0,0,1,1,0,0,0,0,0,1,1,0,0,1,0,0,0,1,0,0,0,0,1,0,0,0,0,0,0,91,4,3.05,3.03,4800,62,8778
152,0,95.7,166.3,64.4,53,2081,4,98,9,30,37,0,0,0,0,0,0,0,0,0,0,0,0,0,0,0,0,0,0,0,1,0,0,0,1,1,0,0,0,0,1,0,0,1,0,1,0,0,0,1,0,0,0,0,1,0,0,0,0,0,0,91,4,3.19,3.03,4800,70,6938
153,0,95.7,166.3,64.4,52.8,2109,4,98,9,30,37,0,0,0,0,0,0,0,0,0,0,0,0,0,0,0,0,0,0,0,1,0,0,0,1,1,0,0,0,1,0,0,0,1,0,1,0,0,0,1,0,0,0,0,1,0,0,0,0,0,0,91,4,3.19,3.03,4800,70,7198
154,0,95.7,166.3,64.4,53,2275,4,110,22.5,34,36,0,0,0,0,0,0,0,0,0,0,0,0,0,0,0,0,0,0,0,1,0,0,1,0,1,0,0,0,0,1,0,0,1,0,1,0,0,0,1,0,0,0,0,0,0,1,0,0,0,0,91,4,3.27,3.35,4500,56,7898
155,0,95.7,166.3,64.4,52.8,2275,4,110,22.5,38,47,0,0,0,0,0,0,0,0,0,0,0,0,0,0,0,0,0,0,0,1,0,0,1,0,1,0,0,0,1,0,0,0,1,0,1,0,0,0,1,0,0,0,0,0,0,1,0,0,0,0,91,4,3.27,3.35,4500,56,7788
156,0,95.7,166.3,64.4,53,2094,4,98,9,38,47,0,0,0,0,0,0,0,0,0,0,0,0,0,0,0,0,0,0,0,1,0,0,0,1,1,0,0,0,0,1,0,0,1,0,1,0,0,0,1,0,0,0,0,1,0,0,0,0,0,0,91,4,3.19,3.03,4800,70,7738
157,0,95.7,166.3,64.4,52.8,2122,4,98,9,28,34,0,0,0,0,0,0,0,0,0,0,0,0,0,0,0,0,0,0,0,1,0,0,0,1,1,0,0,0,1,0,0,0,1,0,1,0,0,0,1,0,0,0,0,1,0,0,0,0,0,0,91,4,3.19,3.03,4800,70,8358
158,0,95.7,166.3,64.4,52.8,2140,4,98,9,28,34,0,0,0,0,0,0,0,0,0,0,0,0,0,0,0,0,0,0,0,1,0,0,0,1,1,0,0,0,0,1,0,0,1,0,1,0,0,0,1,0,0,0,0,1,0,0,0,0,0,0,91,4,3.19,3.03,4800,70,9258
159,1,94.5,168.7,64,52.6,2169,4,98,9,29,34,0,0,0,0,0,0,0,0,0,0,0,0,0,0,0,0,0,0,0,1,0,0,0,1,1,0,0,0,0,1,0,0,0,1,1,0,0,0,1,0,0,0,0,1,0,0,0,0,0,0,168,2,3.19,3.03,4800,70,8058
160,1,94.5,168.7,64,52.6,2204,4,98,9,29,34,0,0,0,0,0,0,0,0,0,0,0,0,0,0,0,0,0,0,0,1,0,0,0,1,1,0,0,0,1,0,0,0,0,1,1,0,0,0,1,0,0,0,0,1,0,0,0,0,0,0,168,2,3.19,3.03,4800,70,8238
161,1,94.5,168.7,64,52.6,2265,4,98,9.4,26,29,0,0,0,0,0,0,0,0,0,0,0,0,0,0,0,0,0,0,0,1,0,0,0,1,1,0,0,0,0,1,0,0,0,1,1,0,1,0,0,0,0,0,0,0,0,0,0,1,0,0,168,2,3.24,3.08,6600,112,9298
162,1,94.5,168.7,64,52.6,2300,4,98,9.4,26,29,0,0,0,0,0,0,0,0,0,0,0,0,0,0,0,0,0,0,0,1,0,0,0,1,1,0,0,0,1,0,0,0,0,1,1,0,1,0,0,0,0,0,0,0,0,0,0,1,0,0,168,2,3.24,3.08,6600,112,9538
163,2,98.4,176.2,65.6,52,2540,4,146,9.3,24,30,0,0,0,0,0,0,0,0,0,0,0,0,0,0,0,0,0,0,0,1,0,0,0,1,1,0,0,1,0,0,0,0,0,1,1,0,0,0,1,0,0,0,0,0,0,0,0,1,0,0,134,2,3.62,3.5,4800,116,8449
164,2,98.4,176.2,65.6,52,2536,4,146,9.3,24,30,0,0,0,0,0,0,0,0,0,0,0,0,0,0,0,0,0,0,0,1,0,0,0,1,1,0,0,1,0,0,0,0,0,1,1,0,0,0,1,0,0,0,0,0,0,0,0,1,0,0,134,2,3.62,3.5,4800,116,9639
165,2,98.4,176.2,65.6,52,2551,4,146,9.3,24,30,0,0,0,0,0,0,0,0,0,0,0,0,0,0,0,0,0,0,0,1,0,0,0,1,1,0,0,0,1,0,0,0,0,1,1,0,0,0,1,0,0,0,0,0,0,0,0,1,0,0,134,2,3.62,3.5,4800,116,9989
166,2,98.4,176.2,65.6,52,2679,4,146,9.3,24,30,0,0,0,0,0,0,0,0,0,0,0,0,0,0,0,0,0,0,0,1,0,0,0,1,1,0,0,1,0,0,0,0,0,1,1,0,0,0,1,0,0,0,0,0,0,0,0,1,0,0,134,2,3.62,3.5,4800,116,11199
167,2,98.4,176.2,65.6,52,2714,4,146,9.3,24,30,0,0,0,0,0,0,0,0,0,0,0,0,0,0,0,0,0,0,0,1,0,0,0,1,1,0,0,0,1,0,0,0,0,1,1,0,0,0,1,0,0,0,0,0,0,0,0,1,0,0,134,2,3.62,3.5,4800,116,11549
168,2,98.4,176.2,65.6,53,2975,4,146,9.3,24,30,0,0,0,0,0,0,0,0,0,0,0,0,0,0,0,0,0,0,0,1,0,0,0,1,1,0,1,0,0,0,0,0,0,1,1,0,0,0,1,0,0,0,0,0,0,0,0,1,0,0,134,2,3.62,3.5,4800,116,17669
169,-1,102.4,175.6,66.5,54.9,2326,4,122,8.7,29,34,0,0,0,0,0,0,0,0,0,0,0,0,0,0,0,0,0,0,0,1,0,0,0,1,1,0,0,0,0,1,0,0,1,0,1,0,0,0,1,0,0,0,0,0,0,0,0,1,0,0,65,4,3.31,3.54,4200,92,8948
170,-1,102.4,175.6,66.5,54.9,2480,4,110,22.5,30,33,0,0,0,0,0,0,0,0,0,0,0,0,0,0,0,0,0,0,0,1,0,0,1,0,0,1,0,0,0,1,0,0,1,0,1,0,0,0,1,0,0,0,0,0,0,1,0,0,0,0,65,4,3.27,3.35,4500,73,10698
171,-1,102.4,175.6,66.5,53.9,2414,4,122,8.7,27,32,0,0,0,0,0,0,0,0,0,0,0,0,0,0,0,0,0,0,0,1,0,0,0,1,1,0,0,0,1,0,0,0,1,0,1,0,0,0,1,0,0,0,0,0,0,0,0,1,0,0,65,4,3.31,3.54,4200,92,9988
172,-1,102.4,175.6,66.5,54.9,2414,4,122,8.7,27,32,0,0,0,0,0,0,0,0,0,0,0,0,0,0,0,0,0,0,0,1,0,0,0,1,1,0,0,0,0,1,0,0,1,0,1,0,0,0,1,0,0,0,0,0,0,0,0,1,0,0,65,4,3.31,3.54,4200,92,10898
173,-1,102.4,175.6,66.5,53.9,2458,4,122,8.7,27,32,0,0,0,0,0,0,0,0,0,0,0,0,0,0,0,0,0,0,0,1,0,0,0,1,1,0,0,0,1,0,0,0,1,0,1,0,0,0,1,0,0,0,0,0,0,0,0,1,0,0,65,4,3.31,3.54,4200,92,11248
174,3,102.9,183.5,67.7,52,2976,6,171,9.3,20,24,0,0,0,0,0,0,0,0,0,0,0,0,0,0,0,0,0,0,0,1,0,0,0,1,1,0,0,0,1,0,0,0,0,1,1,0,1,0,0,0,0,0,0,0,0,0,0,1,0,0,197,2,3.27,3.35,5200,161,16558
175,3,102.9,183.5,67.7,52,3016,6,171,9.3,19,24,0,0,0,0,0,0,0,0,0,0,0,0,0,0,0,0,0,0,0,1,0,0,0,1,1,0,0,0,1,0,0,0,0,1,1,0,1,0,0,0,0,0,0,0,0,0,0,1,0,0,197,2,3.27,3.35,5200,161,15998
176,-1,104.5,187.8,66.5,54.1,3131,6,171,9.2,20,24,0,0,0,0,0,0,0,0,0,0,0,0,0,0,0,0,0,0,0,1,0,0,0,1,1,0,0,0,0,1,0,0,0,1,1,0,1,0,0,0,0,0,0,0,0,0,0,1,0,0,90,4,3.27,3.35,5200,156,15690
177,-1,104.5,187.8,66.5,54.1,3151,6,161,9.2,19,24,0,0,0,0,0,0,0,0,0,0,0,0,0,0,0,0,0,0,0,1,0,0,0,1,1,0,0,0,0,0,1,0,0,1,1,0,1,0,0,0,0,0,0,0,0,0,0,1,0,0,122,4,3.27,3.35,5200,156,15750
178,2,97.3,171.7,65.5,55.7,2261,4,97,23,37,46,0,0,0,0,0,0,0,0,0,0,0,0,0,0,0,0,0,0,0,0,1,0,1,0,1,0,0,0,0,1,0,0,1,0,1,0,0,0,1,0,0,0,0,0,0,1,0,0,0,0,122,2,3.01,3.4,4800,52,7775
179,2,97.3,171.7,65.5,55.7,2209,4,109,9,27,34,0,0,0,0,0,0,0,0,0,0,0,0,0,0,0,0,0,0,0,0,1,0,0,1,1,0,0,0,0,1,0,0,1,0,1,0,0,0,1,0,0,0,0,0,0,0,0,1,0,0,122,2,3.19,3.4,5250,85,7975
180,2,97.3,171.7,65.5,55.7,2264,4,97,23,37,46,0,0,0,0,0,0,0,0,0,0,0,0,0,0,0,0,0,0,0,0,1,0,1,0,1,0,0,0,0,1,0,0,1,0,1,0,0,0,1,0,0,0,0,0,0,1,0,0,0,0,94,4,3.01,3.4,4800,52,7995
181,2,97.3,171.7,65.5,55.7,2212,4,109,9,27,34,0,0,0,0,0,0,0,0,0,0,0,0,0,0,0,0,0,0,0,0,1,0,0,1,1,0,0,0,0,1,0,0,1,0,1,0,0,0,1,0,0,0,0,0,0,0,0,1,0,0,94,4,3.19,3.4,5250,85,8195
182,2,97.3,171.7,65.5,55.7,2275,4,109,9,27,34,0,0,0,0,0,0,0,0,0,0,0,0,0,0,0,0,0,0,0,0,1,0,0,1,1,0,0,0,0,1,0,0,1,0,1,0,0,0,1,0,0,0,0,0,0,0,0,1,0,0,94,4,3.19,3.4,5250,85,8495
183,2,97.3,171.7,65.5,55.7,2319,4,97,23,37,42,0,0,0,0,0,0,0,0,0,0,0,0,0,0,0,0,0,0,0,0,1,0,1,0,0,1,0,0,0,1,0,0,1,0,1,0,0,0,1,0,0,0,0,0,0,1,0,0,0,0,94,4,3.01,3.4,4500,68,9495
184,2,97.3,171.7,65.5,55.7,2300,4,109,10,26,32,0,0,0,0,0,0,0,0,0,0,0,0,0,0,0,0,0,0,0,0,1,0,0,1,1,0,0,0,0,1,0,0,1,0,1,0,0,0,1,0,0,0,0,0,0,0,0,1,0,0,94,4,3.19,3.4,5500,100,9995
185,3,94.5,159.3,64.2,55.6,2254,4,109,8.5,24,29,0,0,0,0,0,0,0,0,0,0,0,0,0,0,0,0,0,0,0,0,1,0,0,1,1,0,1,0,0,0,0,0,1,0,1,0,0,0,1,0,0,0,0,0,0,0,0,1,0,0,122,2,3.19,3.4,5500,90,11595
186,3,94.5,165.7,64,51.4,2221,4,109,8.5,24,29,0,0,0,0,0,0,0,0,0,0,0,0,0,0,0,0,0,0,0,0,1,0,0,1,1,0,0,0,1,0,0,0,1,0,1,0,0,0,1,0,0,0,0,0,0,0,0,1,0,0,256,2,3.19,3.4,5500,90,9980
187,0,100.4,180.2,66.9,55.1,2661,5,136,8.5,19,24,0,0,0,0,0,0,0,0,0,0,0,0,0,0,0,0,0,0,0,0,1,0,0,1,1,0,0,0,0,1,0,0,1,0,1,0,0,0,1,0,0,0,0,0,0,0,0,1,0,0,122,4,3.19,3.4,5500,110,13295
188,0,100.4,180.2,66.9,55.1,2579,4,97,23,33,38,0,0,0,0,0,0,0,0,0,0,0,0,0,0,0,0,0,0,0,0,1,0,1,0,0,1,0,0,0,1,0,0,1,0,1,0,0,0,1,0,0,0,0,0,0,1,0,0,0,0,122,4,3.01,3.4,4500,68,13845
189,0,100.4,183.1,66.9,55.1,2563,4,109,9,25,31,0,0,0,0,0,0,0,0,0,0,0,0,0,0,0,0,0,0,0,0,1,0,0,1,1,0,0,0,0,0,1,0,1,0,1,0,0,0,1,0,0,0,0,0,0,0,0,1,0,0,122,4,3.19,3.4,5500,88,12290
190,-2,104.3,188.8,67.2,56.2,2912,4,141,9.5,23,28,0,0,0,0,0,0,0,0,0,0,0,0,0,0,0,0,0,0,0,0,0,1,0,1,1,0,0,0,0,1,0,0,0,1,1,0,0,0,1,0,0,0,0,0,0,0,0,1,0,0,103,4,3.78,3.15,5400,114,12940
191,-1,104.3,188.8,67.2,57.5,3034,4,141,9.5,23,28,0,0,0,0,0,0,0,0,0,0,0,0,0,0,0,0,0,0,0,0,0,1,0,1,1,0,0,0,0,0,1,0,0,1,1,0,0,0,1,0,0,0,0,0,0,0,0,1,0,0,74,4,3.78,3.15,5400,114,13415
192,-2,104.3,188.8,67.2,56.2,2935,4,141,9.5,24,28,0,0,0,0,0,0,0,0,0,0,0,0,0,0,0,0,0,0,0,0,0,1,0,1,1,0,0,0,0,1,0,0,0,1,1,0,0,0,1,0,0,0,0,0,0,0,0,1,0,0,103,4,3.78,3.15,5400,114,15985
193,-1,104.3,188.8,67.2,57.5,3042,4,141,9.5,24,28,0,0,0,0,0,0,0,0,0,0,0,0,0,0,0,0,0,0,0,0,0,1,0,1,1,0,0,0,0,0,1,0,0,1,1,0,0,0,1,0,0,0,0,0,0,0,0,1,0,0,74,4,3.78,3.15,5400,114,16515
194,-2,104.3,188.8,67.2,56.2,3045,4,130,7.5,17,22,0,0,0,0,0,0,0,0,0,0,0,0,0,0,0,0,0,0,0,0,0,1,0,1,0,1,0,0,0,1,0,0,0,1,1,0,0,0,1,0,0,0,0,0,0,0,0,1,0,0,103,4,3.62,3.15,5100,162,18420
195,-1,104.3,188.8,67.2,57.5,3157,4,130,7.5,17,22,0,0,0,0,0,0,0,0,0,0,0,0,0,0,0,0,0,0,0,0,0,1,0,1,0,1,0,0,0,0,1,0,0,1,1,0,0,0,1,0,0,0,0,0,0,0,0,1,0,0,74,4,3.62,3.15,5100,162,18950
196,-1,109.1,188.8,68.9,55.5,2952,4,141,9.5,23,28,0,0,0,0,0,0,0,0,0,0,0,0,0,0,0,0,0,0,0,0,0,1,0,1,1,0,0,0,0,1,0,0,0,1,1,0,0,0,1,0,0,0,0,0,0,0,0,1,0,0,95,4,3.78,3.15,5400,114,16845
197,-1,109.1,188.8,68.8,55.5,3049,4,141,8.7,19,25,0,0,0,0,0,0,0,0,0,0,0,0,0,0,0,0,0,0,0,0,0,1,0,1,0,1,0,0,0,1,0,0,0,1,1,0,0,0,1,0,0,0,0,0,0,0,0,1,0,0,95,4,3.78,3.15,5300,160,19045
198,-1,109.1,188.8,68.9,55.5,3012,6,173,8.8,18,23,0,0,0,0,0,0,0,0,0,0,0,0,0,0,0,0,0,0,0,0,0,1,0,1,1,0,0,0,0,1,0,0,0,1,1,0,0,0,0,0,1,0,0,0,0,0,0,1,0,0,95,4,3.58,2.87,5500,134,21485
199,-1,109.1,188.8,68.9,55.5,3217,6,145,23,26,27,0,0,0,0,0,0,0,0,0,0,0,0,0,0,0,0,0,0,0,0,0,1,1,0,0,1,0,0,0,1,0,0,0,1,1,0,0,0,1,0,0,0,0,0,0,1,0,0,0,0,95,4,3.01,3.4,4800,106,22470
200,-1,109.1,188.8,68.9,55.5,3062,4,141,9.5,19,25,0,0,0,0,0,0,0,0,0,0,0,0,0,0,0,0,0,0,0,0,0,1,0,1,0,1,0,0,0,1,0,0,0,1,1,0,0,0,1,0,0,0,0,0,0,0,0,1,0,0,95,4,3.78,3.15,5400,114,22625
