6.7080901730,6.7080901730,6.7080901730,6.7080901730,6.7080901730,6.7080901730,6.7080901730,6.7080901730,6.7080901730,6.7080901730,6.7080901730,6.7080901730,6.7080901730,6.7080901730,6.7080901730,6.7080901730,6.7080901730,6.7080901730,6.7080901730,6.7080901730,6.7080901730,6.7080901730,6.7080901730,6.7080901730,6.7080901730,6.7080901730,6.7080901730,6.7080901730,6.7080901730,6.7080901730,6.7080901730,6.7080901730,6.7080901730,6.7080901730,6.7080901730,6.7080901730
10.6752527936,10.6752527936,10.6752527936,10.6752527936,10.6752527936,10.6752527936,10.6752527936,10.6752527936,10.6752527936,10.6752527936,10.6752527936,10.6752527936,10.6752527936,10.6752527936,10.6752527936,10.6752527936,10.6752527936,10.6752527936,10.6752527936,10.6752527936,10.6752527936,10.6752527936,10.6752527936,10.6752527936,10.6752527936,10.6752527936,10.6752527936,10.6752527936,10.6752527936,10.6752527936,10.6752527936,10.6752527936,10.6752527936,10.6752527936,10.6752527936,10.6752527936
11.2972702418,11.2972702418,11.2972702418,11.2972702418,11.2972702418,11.2972702418,11.2972702418,11.2972702418,11.2972702418,11.2972702418,11.2972702418,11.2972702418,11.2972702418,11.2972702418,11.2972702418,11.2972702418,11.2972702418,11.2972702418,11.2972702418,11.2972702418,11.2972702418,11.2972702418,11.2972702418,11.2972702418,11.2972702418,11.2972702418,11.2972702418,11.2972702418,11.2972702418,11.2972702418,11.2972702418,11.2972702418,11.2972702418,11.2972702418,11.2972702418,11.2972702418
11.7287166815,11.7287166815,11.7287166815,11.7287166815,11.7287166815,11.7287166815,11.7287166815,11.7287166815,11.7287166815,11.7287166815,11.7287166815,11.7287166815,11.7287166815,11.7287166815,11.7287166815,11.7287166815,11.7287166815,11.7287166815,11.7287166815,11.7287166815,11.7287166815,11.7287166815,11.7287166815,11.7287166815,11.7287166815,11.7287166815,11.7287166815,11.7287166815,11.7287166815,11.7287166815,11.7287166815,11.7287166815,11.7287166815,11.7287166815,11.7287166815,11.7287166815
8.6396614856,8.6396614856,8.6396614856,8.6396614856,8.6396614856,8.6396614856,8.6396614856,8.6396614856,8.6396614856,8.6396614856,8.6396614856,8.6396614856,8.6396614856,8.6396614856,8.6396614856,8.6396614856,8.6396614856,8.6396614856,8.6396614856,8.6396614856,8.6396614856,8.6396614856,8.6396614856,8.6396614856,8.6396614856,8.6396614856,8.6396614856,8.6396614856,8.6396614856,8.6396614856,8.6396614856,8.6396614856,8.6396614856,8.6396614856,8.6396614856,8.6396614856
10.8388763480,10.8388763480,10.8388763480,10.8388763480,10.8388763480,10.8388763480,10.8388763480,10.8388763480,10.8388763480,10.8388763480,10.8388763480,10.8388763480,10.8388763480,10.8388763480,10.8388763480,10.8388763480,10.8388763480,10.8388763480,10.8388763480,10.8388763480,10.8388763480,10.8388763480,10.8388763480,10.8388763480,10.8388763480,10.8388763480,10.8388763480,10.8388763480,10.8388763480,10.8388763480,10.8388763480,10.8388763480,10.8388763480,10.8388763480,10.8388763480,10.8388763480
8.9233042598,8.9233042598,8.9233042598,8.9233042598,8.9233042598,8.9233042598,8.9233042598,8.9233042598,8.9233042598,8.9233042598,8.9233042598,8.9233042598,8.9233042598,8.9233042598,8.9233042598,8.9233042598,8.9233042598,8.9233042598,8.9233042598,8.9233042598,8.9233042598,8.9233042598,8.9233042598,8.9233042598,8.9233042598,8.9233042598,8.9233042598,8.9233042598,8.9233042598,8.9233042598,8.9233042598,8.9233042598,8.9233042598,8.9233042598,8.9233042598,8.9233042598
13.5688214951,13.5688214951,13.5688214951,13.5688214951,13.5688214951,13.5688214951,13.5688214951,13.5688214951,13.5688214951,13.5688214951,13.5688214951,13.5688214951,13.5688214951,13.5688214951,13.5688214951,13.5688214951,13.5688214951,13.5688214951,13.5688214951,13.5688214951,13.5688214951,13.5688214951,13.5688214951,13.5688214951,13.5688214951,13.5688214951,13.5688214951,13.5688214951,13.5688214951,13.5688214951,13.5688214951,13.5688214951,13.5688214951,13.5688214951,13.5688214951,13.5688214951
7.1650443877,7.1650443877,7.1650443877,7.1650443877,7.1650443877,7.1650443877,7.1650443877,7.1650443877,7.1650443877,7.1650443877,7.1650443877,7.1650443877,7.1650443877,7.1650443877,7.1650443877,7.1650443877,7.1650443877,7.1650443877,7.1650443877,7.1650443877,7.1650443877,7.1650443877,7.1650443877,7.1650443877,7.1650443877,7.1650443877,7.1650443877,7.1650443877,7.1650443877,7.1650443877,7.1650443877,7.1650443877,7.1650443877,7.1650443877,7.1650443877,7.1650443877
2349704153421.2744140625,2349704153421.2744140625,2349704153421.2744140625,2349704153421.2744140625,2349704153421.2744140625,2349704153421.2744140625,2349704153421.2744140625,2349704153421.2744140625,2349704153421.2744140625,2349704153421.2744140625,2349704153421.2744140625,2349704153421.2744140625,2349704153421.2744140625,2349704153421.2744140625,2349704153421.2744140625,2349704153421.2744140625,2349704153421.2744140625,2349704153421.2744140625,2349704153421.2744140625,2349704153421.2744140625,2349704153421.2744140625,2349704153421.2744140625,2349704153421.2744140625,2349704153421.2744140625,2349704153421.2744140625,2349704153421.2744140625,2349704153421.2744140625,2349704153421.2744140625,2349704153421.2744140625,2349704153421.2744140625,2349704153421.2744140625,2349704153421.2744140625,2349704153421.2744140625,2349704153421.2744140625,2349704153421.2744140625,2349704153421.2744140625
7.4648190474,7.4648190474,7.4648190474,7.4648190474,7.4648190474,7.4648190474,7.4648190474,7.4648190474,7.4648190474,7.4648190474,7.4648190474,7.4648190474,7.4648190474,7.4648190474,7.4648190474,7.4648190474,7.4648190474,7.4648190474,7.4648190474,7.4648190474,7.4648190474,7.4648190474,7.4648190474,7.4648190474,7.4648190474,7.4648190474,7.4648190474,7.4648190474,7.4648190474,7.4648190474,7.4648190474,7.4648190474,7.4648190474,7.4648190474,7.4648190474,7.4648190474
7.1440643978,7.1440643978,7.1440643978,7.1440643978,7.1440643978,7.1440643978,7.1440643978,7.1440643978,7.1440643978,7.1440643978,7.1440643978,7.1440643978,7.1440643978,7.1440643978,7.1440643978,7.1440643978,7.1440643978,7.1440643978,7.1440643978,7.1440643978,7.1440643978,7.1440643978,7.1440643978,7.1440643978,7.1440643978,7.1440643978,7.1440643978,7.1440643978,7.1440643978,7.1440643978,7.1440643978,7.1440643978,7.1440643978,7.1440643978,7.1440643978,7.1440643978
7.8597854543,7.8597854543,7.8597854543,7.8597854543,7.8597854543,7.8597854543,7.8597854543,7.8597854543,7.8597854543,7.8597854543,7.8597854543,7.8597854543,7.8597854543,7.8597854543,7.8597854543,7.8597854543,7.8597854543,7.8597854543,7.8597854543,7.8597854543,7.8597854543,7.8597854543,7.8597854543,7.8597854543,7.8597854543,7.8597854543,7.8597854543,7.8597854543,7.8597854543,7.8597854543,7.8597854543,7.8597854543,7.8597854543,7.8597854543,7.8597854543,7.8597854543
9.3019404196,9.3019404196,9.3019404196,9.3019404196,9.3019404196,9.3019404196,9.3019404196,9.3019404196,9.3019404196,9.3019404196,9.3019404196,9.3019404196,9.3019404196,9.3019404196,9.3019404196,9.3019404196,9.3019404196,9.3019404196,9.3019404196,9.3019404196,9.3019404196,9.3019404196,9.3019404196,9.3019404196,9.3019404196,9.3019404196,9.3019404196,9.3019404196,9.3019404196,9.3019404196,9.3019404196,9.3019404196,9.3019404196,9.3019404196,9.3019404196,9.3019404196
9.7641463726,9.7641463726,9.7641463726,9.7641463726,9.7641463726,9.7641463726,9.7641463726,9.7641463726,9.7641463726,9.7641463726,9.7641463726,9.7641463726,9.7641463726,9.7641463726,9.7641463726,9.7641463726,9.7641463726,9.7641463726,9.7641463726,9.7641463726,9.7641463726,9.7641463726,9.7641463726,9.7641463726,9.7641463726,9.7641463726,9.7641463726,9.7641463726,9.7641463726,9.7641463726,9.7641463726,9.7641463726,9.7641463726,9.7641463726,9.7641463726,9.7641463726
7.2241242234,7.2241242234,7.2241242234,7.2241242234,7.2241242234,7.2241242234,7.2241242234,7.2241242234,7.2241242234,7.2241242234,7.2241242234,7.2241242234,7.2241242234,7.2241242234,7.2241242234,7.2241242234,7.2241242234,7.2241242234,7.2241242234,7.2241242234,7.2241242234,7.2241242234,7.2241242234,7.2241242234,7.2241242234,7.2241242234,7.2241242234,7.2241242234,7.2241242234,7.2241242234,7.2241242234,7.2241242234,7.2241242234,7.2241242234,7.2241242234,7.2241242234
7.3126831218,7.3126831218,7.3126831218,7.3126831218,7.3126831218,7.3126831218,7.3126831218,7.3126831218,7.3126831218,7.3126831218,7.3126831218,7.3126831218,7.3126831218,7.3126831218,7.3126831218,7.3126831218,7.3126831218,7.3126831218,7.3126831218,7.3126831218,7.3126831218,7.3126831218,7.3126831218,7.3126831218,7.3126831218,7.3126831218,7.3126831218,7.3126831218,7.3126831218,7.3126831218,7.3126831218,7.3126831218,7.3126831218,7.3126831218,7.3126831218,7.3126831218
8.0425722506,8.0425722506,8.0425722506,8.0425722506,8.0425722506,8.0425722506,8.0425722506,8.0425722506,8.0425722506,8.0425722506,8.0425722506,8.0425722506,8.0425722506,8.0425722506,8.0425722506,8.0425722506,8.0425722506,8.0425722506,8.0425722506,8.0425722506,8.0425722506,8.0425722506,8.0425722506,8.0425722506,8.0425722506,8.0425722506,8.0425722506,8.0425722506,8.0425722506,8.0425722506,8.0425722506,8.0425722506,8.0425722506,8.0425722506,8.0425722506,8.0425722506
7.1220921219,7.1220921219,7.1220921219,7.1220921219,7.1220921219,7.1220921219,7.1220921219,7.1220921219,7.1220921219,7.1220921219,7.1220921219,7.1220921219,7.1220921219,7.1220921219,7.1220921219,7.1220921219,7.1220921219,7.1220921219,7.1220921219,7.1220921219,7.1220921219,7.1220921219,7.1220921219,7.1220921219,7.1220921219,7.1220921219,7.1220921219,7.1220921219,7.1220921219,7.1220921219,7.1220921219,7.1220921219,7.1220921219,7.1220921219,7.1220921219,7.1220921219
9.8607774259,9.8607774259,9.8607774259,9.8607774259,9.8607774259,9.8607774259,9.8607774259,9.8607774259,9.8607774259,9.8607774259,9.8607774259,9.8607774259,9.8607774259,9.8607774259,9.8607774259,9.8607774259,9.8607774259,9.8607774259,9.8607774259,9.8607774259,9.8607774259,9.8607774259,9.8607774259,9.8607774259,9.8607774259,9.8607774259,9.8607774259,9.8607774259,9.8607774259,9.8607774259,9.8607774259,9.8607774259,9.8607774259,9.8607774259,9.8607774259,9.8607774259
8.6508936018,8.6508936018,8.6508936018,8.6508936018,8.6508936018,8.6508936018,8.6508936018,8.6508936018,8.6508936018,8.6508936018,8.6508936018,8.6508936018,8.6508936018,8.6508936018,8.6508936018,8.6508936018,8.6508936018,8.6508936018,8.6508936018,8.6508936018,8.6508936018,8.6508936018,8.6508936018,8.6508936018,8.6508936018,8.6508936018,8.6508936018,8.6508936018,8.6508936018,8.6508936018,8.6508936018,8.6508936018,8.6508936018,8.6508936018,8.6508936018,8.6508936018
6853303780790.8300781250,6853303780790.8300781250,6853303780790.8300781250,6853303780790.8300781250,6853303780790.8300781250,6853303780790.8300781250,6853303780790.8300781250,6853303780790.8300781250,6853303780790.8300781250,6853303780790.8300781250,6853303780790.8300781250,6853303780790.8300781250,6853303780790.8300781250,6853303780790.8300781250,6853303780790.8300781250,6853303780790.8300781250,6853303780790.8300781250,6853303780790.8300781250,6853303780790.8300781250,6853303780790.8300781250,6853303780790.8300781250,6853303780790.8300781250,6853303780790.8300781250,6853303780790.8300781250,6853303780790.8300781250,6853303780790.8300781250,6853303780790.8300781250,6853303780790.8300781250,6853303780790.8300781250,6853303780790.8300781250,6853303780790.8300781250,6853303780790.8300781250,6853303780790.8300781250,6853303780790.8300781250,6853303780790.8300781250,6853303780790.8300781250
8.7223368772,8.7223368772,8.7223368772,8.7223368772,8.7223368772,8.7223368772,8.7223368772,8.7223368772,8.7223368772,8.7223368772,8.7223368772,8.7223368772,8.7223368772,8.7223368772,8.7223368772,8.7223368772,8.7223368772,8.7223368772,8.7223368772,8.7223368772,8.7223368772,8.7223368772,8.7223368772,8.7223368772,8.7223368772,8.7223368772,8.7223368772,8.7223368772,8.7223368772,8.7223368772,8.7223368772,8.7223368772,8.7223368772,8.7223368772,8.7223368772,8.7223368772
6.8871801222,6.8871801222,6.8871801222,6.8871801222,6.8871801222,6.8871801222,6.8871801222,6.8871801222,6.8871801222,6.8871801222,6.8871801222,6.8871801222,6.8871801222,6.8871801222,6.8871801222,6.8871801222,6.8871801222,6.8871801222,6.8871801222,6.8871801222,6.8871801222,6.8871801222,6.8871801222,6.8871801222,6.8871801222,6.8871801222,6.8871801222,6.8871801222,6.8871801222,6.8871801222,6.8871801222,6.8871801222,6.8871801222,6.8871801222,6.8871801222,6.8871801222
6.6751497976,6.6751497976,6.6751497976,6.6751497976,6.6751497976,6.6751497976,6.6751497976,6.6751497976,6.6751497976,6.6751497976,6.6751497976,6.6751497976,6.6751497976,6.6751497976,6.6751497976,6.6751497976,6.6751497976,6.6751497976,6.6751497976,6.6751497976,6.6751497976,6.6751497976,6.6751497976,6.6751497976,6.6751497976,6.6751497976,6.6751497976,6.6751497976,6.6751497976,6.6751497976,6.6751497976,6.6751497976,6.6751497976,6.6751497976,6.6751497976,6.6751497976
8.4599838248,8.4599838248,8.4599838248,8.4599838248,8.4599838248,8.4599838248,8.4599838248,8.4599838248,8.4599838248,8.4599838248,8.4599838248,8.4599838248,8.4599838248,8.4599838248,8.4599838248,8.4599838248,8.4599838248,8.4599838248,8.4599838248,8.4599838248,8.4599838248,8.4599838248,8.4599838248,8.4599838248,8.4599838248,8.4599838248,8.4599838248,8.4599838248,8.4599838248,8.4599838248,8.4599838248,8.4599838248,8.4599838248,8.4599838248,8.4599838248,8.4599838248
9.0697154329,9.0697154329,9.0697154329,9.0697154329,9.0697154329,9.0697154329,9.0697154329,9.0697154329,9.0697154329,9.0697154329,9.0697154329,9.0697154329,9.0697154329,9.0697154329,9.0697154329,9.0697154329,9.0697154329,9.0697154329,9.0697154329,9.0697154329,9.0697154329,9.0697154329,9.0697154329,9.0697154329,9.0697154329,9.0697154329,9.0697154329,9.0697154329,9.0697154329,9.0697154329,9.0697154329,9.0697154329,9.0697154329,9.0697154329,9.0697154329,9.0697154329
8.4432247604,8.4432247604,8.4432247604,8.4432247604,8.4432247604,8.4432247604,8.4432247604,8.4432247604,8.4432247604,8.4432247604,8.4432247604,8.4432247604,8.4432247604,8.4432247604,8.4432247604,8.4432247604,8.4432247604,8.4432247604,8.4432247604,8.4432247604,8.4432247604,8.4432247604,8.4432247604,8.4432247604,8.4432247604,8.4432247604,8.4432247604,8.4432247604,8.4432247604,8.4432247604,8.4432247604,8.4432247604,8.4432247604,8.4432247604,8.4432247604,8.4432247604
9.5705122540,9.5705122540,9.5705122540,9.5705122540,9.5705122540,9.5705122540,9.5705122540,9.5705122540,9.5705122540,9.5705122540,9.5705122540,9.5705122540,9.5705122540,9.5705122540,9.5705122540,9.5705122540,9.5705122540,9.5705122540,9.5705122540,9.5705122540,9.5705122540,9.5705122540,9.5705122540,9.5705122540,9.5705122540,9.5705122540,9.5705122540,9.5705122540,9.5705122540,9.5705122540,9.5705122540,9.5705122540,9.5705122540,9.5705122540,9.5705122540,9.5705122540
14.4830064821,14.4830064821,14.4830064821,14.4830064821,14.4830064821,14.4830064821,14.4830064821,14.4830064821,14.4830064821,14.4830064821,14.4830064821,14.4830064821,14.4830064821,14.4830064821,14.4830064821,14.4830064821,14.4830064821,14.4830064821,14.4830064821,14.4830064821,14.4830064821,14.4830064821,14.4830064821,14.4830064821,14.4830064821,14.4830064821,14.4830064821,14.4830064821,14.4830064821,14.4830064821,14.4830064821,14.4830064821,14.4830064821,14.4830064821,14.4830064821,14.4830064821
