4.2059674565,4.4243324506,6.1323577491,6.1323577491,6.1323577491,6.1323577491,4.2059674565,4.4243324506,6.1323577491,6.1323577491,6.1323577491,6.1323577491,4.2059674565,4.4243324506,6.1323577491,6.1323577491,6.1323577491,6.1323577491,4.2059674565,4.4243324506,6.1323577491,6.1323577491,6.1323577491,6.1323577491,4.2059674565,4.4243324506,6.1323577491,6.1323577491,6.1323577491,6.1323577491,4.2059674565,4.4243324506,6.1323577491,6.1323577491,6.1323577491,6.1323577491
8.0356550693,8.4422005831,11.6369332951,11.6369332951,11.6369332951,11.6369332951,8.0356550693,8.4422005831,11.6369332951,11.6369332951,11.6369332951,11.6369332951,8.0356550693,8.4422005831,11.6369332951,11.6369332951,11.6369332951,11.6369332951,8.0356550693,8.4422005831,11.6369332951,11.6369332951,11.6369332951,11.6369332951,8.0356550693,8.4422005831,11.6369332951,11.6369332951,11.6369332951,11.6369332951,8.0356550693,8.4422005831,11.6369332951,11.6369332951,11.6369332951,11.6369332951
2.9591555207,3.1023962853,4.2282173777,4.2282173777,4.2282173777,4.2282173777,2.9591555207,3.1023962853,4.2282173777,4.2282173777,4.2282173777,4.2282173777,2.9591555207,3.1023962853,4.2282173777,4.2282173777,4.2282173777,4.2282173777,2.9591555207,3.1023962853,4.2282173777,4.2282173777,4.2282173777,4.2282173777,2.9591555207,3.1023962853,4.2282173777,4.2282173777,4.2282173777,4.2282173777,2.9591555207,3.1023962853,4.2282173777,4.2282173777,4.2282173777,4.2282173777
2.6496003039,2.7783539885,3.7919538200,3.7919538200,3.7919538200,3.7919538200,2.6496003039,2.7783539885,3.7919538200,3.7919538200,3.7919538200,3.7919538200,2.6496003039,2.7783539885,3.7919538200,3.7919538200,3.7919538200,3.7919538200,2.6496003039,2.7783539885,3.7919538200,3.7919538200,3.7919538200,3.7919538200,2.6496003039,2.7783539885,3.7919538200,3.7919538200,3.7919538200,3.7919538200,2.6496003039,2.7783539885,3.7919538200,3.7919538200,3.7919538200,3.7919538200
3.0772765068,3.2281453327,4.4140708871,4.4140708871,4.4140708871,4.4140708871,3.0772765068,3.2281453327,4.4140708871,4.4140708871,4.4140708871,4.4140708871,3.0772765068,3.2281453327,4.4140708871,4.4140708871,4.4140708871,4.4140708871,3.0772765068,3.2281453327,4.4140708871,4.4140708871,4.4140708871,4.4140708871,3.0772765068,3.2281453327,4.4140708871,4.4140708871,4.4140708871,4.4140708871,3.0772765068,3.2281453327,4.4140708871,4.4140708871,4.4140708871,4.4140708871
4.1644733367,4.3778237337,6.0508051461,6.0508051461,6.0508051461,6.0508051461,4.1644733367,4.3778237337,6.0508051461,6.0508051461,6.0508051461,6.0508051461,4.1644733367,4.3778237337,6.0508051461,6.0508051461,6.0508051461,6.0508051461,4.1644733367,4.3778237337,6.0508051461,6.0508051461,6.0508051461,6.0508051461,4.1644733367,4.3778237337,6.0508051461,6.0508051461,6.0508051461,6.0508051461,4.1644733367,4.3778237337,6.0508051461,6.0508051461,6.0508051461,6.0508051461
4.1031308439,4.3190421637,6.0141453084,6.0141453084,6.0141453084,6.0141453084,4.1031308439,4.3190421637,6.0141453084,6.0141453084,6.0141453084,6.0141453084,4.1031308439,4.3190421637,6.0141453084,6.0141453084,6.0141453084,6.0141453084,4.1031308439,4.3190421637,6.0141453084,6.0141453084,6.0141453084,6.0141453084,4.1031308439,4.3190421637,6.0141453084,6.0141453084,6.0141453084,6.0141453084,4.1031308439,4.3190421637,6.0141453084,6.0141453084,6.0141453084,6.0141453084
4.9175205210,5.1711730269,7.1590769904,7.1590769904,7.1590769904,7.1590769904,4.9175205210,5.1711730269,7.1590769904,7.1590769904,7.1590769904,7.1590769904,4.9175205210,5.1711730269,7.1590769904,7.1590769904,7.1590769904,7.1590769904,4.9175205210,5.1711730269,7.1590769904,7.1590769904,7.1590769904,7.1590769904,4.9175205210,5.1711730269,7.1590769904,7.1590769904,7.1590769904,7.1590769904,4.9175205210,5.1711730269,7.1590769904,7.1590769904,7.1590769904,7.1590769904
3310356680223.3193359375,3520252742659.8149414062,5166752779328.7460937500,5166752779328.7460937500,5166752779328.7460937500,5166752779328.7460937500,3310356680223.3193359375,3520252742659.8061523438,5166752779328.7548828125,5166752779328.7548828125,5166752779328.7548828125,5166752779328.7548828125,3310356680223.3193359375,3520252742659.8061523438,5166752779328.7548828125,5166752779328.7548828125,5166752779328.7548828125,5166752779328.7548828125,3310356680223.3193359375,3520252742659.8061523438,5166752779328.7548828125,5166752779328.7548828125,5166752779328.7548828125,5166752779328.7548828125,3310356680223.3193359375,3520252742659.8061523438,5166752779328.7548828125,5166752779328.7548828125,5166752779328.7548828125,5166752779328.7548828125,3310356680223.3193359375,3520252742659.8061523438,5166752779328.7548828125,5166752779328.7548828125,5166752779328.7548828125,5166752779328.7548828125
1658994416010.2226562500,1763348107845.3742675781,2579940732549.9868164062,2579940732549.9868164062,2579940732549.9868164062,2579940732549.9868164062,1658994416010.2226562500,1763348107845.3742675781,2579940732549.9692382812,2579940732549.9692382812,2579940732549.9692382812,2579940732549.9692382812,1658994416010.2226562500,1763348107845.3742675781,2579940732549.9692382812,2579940732549.9692382812,2579940732549.9692382812,2579940732549.9692382812,1658994416010.2226562500,1763348107845.3742675781,2579940732549.9692382812,2579940732549.9692382812,2579940732549.9692382812,2579940732549.9692382812,1658994416010.2226562500,1763348107845.3742675781,2579940732549.9692382812,2579940732549.9692382812,2579940732549.9692382812,2579940732549.9692382812,1658994416010.2226562500,1763348107845.3742675781,2579940732549.9692382812,2579940732549.9692382812,2579940732549.9692382812,2579940732549.9692382812
4.0690206485,4.2699032605,5.8523864092,5.8523864092,5.8523864092,5.8523864092,4.0690206485,4.2699032605,5.8523864092,5.8523864092,5.8523864092,5.8523864092,4.0690206485,4.2699032605,5.8523864092,5.8523864092,5.8523864092,5.8523864092,4.0690206485,4.2699032605,5.8523864092,5.8523864092,5.8523864092,5.8523864092,4.0690206485,4.2699032605,5.8523864092,5.8523864092,5.8523864092,5.8523864092,4.0690206485,4.2699032605,5.8523864092,5.8523864092,5.8523864092,5.8523864092
3.9070741738,4.0987892169,5.6083618152,5.6083618152,5.6083618152,5.6083618152,3.9070741738,4.0987892169,5.6083618152,5.6083618152,5.6083618152,5.6083618152,3.9070741738,4.0987892169,5.6083618152,5.6083618152,5.6083618152,5.6083618152,3.9070741738,4.0987892169,5.6083618152,5.6083618152,5.6083618152,5.6083618152,3.9070741738,4.0987892169,5.6083618152,5.6083618152,5.6083618152,5.6083618152,3.9070741738,4.0987892169,5.6083618152,5.6083618152,5.6083618152,5.6083618152
3.0428076154,3.1907571789,4.3506503141,4.3506503141,4.3506503141,4.3506503141,3.0428076154,3.1907571789,4.3506503141,4.3506503141,4.3506503141,4.3506503141,3.0428076154,3.1907571789,4.3506503141,4.3506503141,4.3506503141,4.3506503141,3.0428076154,3.1907571789,4.3506503141,4.3506503141,4.3506503141,4.3506503141,3.0428076154,3.1907571789,4.3506503141,4.3506503141,4.3506503141,4.3506503141,3.0428076154,3.1907571789,4.3506503141,4.3506503141,4.3506503141,4.3506503141
3.3820813226,3.5530348264,4.8987973520,4.8987973520,4.8987973520,4.8987973520,3.3820813226,3.5530348264,4.8987973520,4.8987973520,4.8987973520,4.8987973520,3.3820813226,3.5530348264,4.8987973520,4.8987973520,4.8987973520,4.8987973520,3.3820813226,3.5530348264,4.8987973520,4.8987973520,4.8987973520,4.8987973520,3.3820813226,3.5530348264,4.8987973520,4.8987973520,4.8987973520,4.8987973520,3.3820813226,3.5530348264,4.8987973520,4.8987973520,4.8987973520,4.8987973520
3.3225331277,3.4833038357,4.7450676097,4.7450676097,4.7450676097,4.7450676097,3.3225331277,3.4833038357,4.7450676097,4.7450676097,4.7450676097,4.7450676097,3.3225331277,3.4833038357,4.7450676097,4.7450676097,4.7450676097,4.7450676097,3.3225331277,3.4833038357,4.7450676097,4.7450676097,4.7450676097,4.7450676097,3.3225331277,3.4833038357,4.7450676097,4.7450676097,4.7450676097,4.7450676097,3.3225331277,3.4833038357,4.7450676097,4.7450676097,4.7450676097,4.7450676097
3.0079709142,3.1524000205,4.2883376458,4.2883376458,4.2883376458,4.2883376458,3.0079709142,3.1524000205,4.2883376458,4.2883376458,4.2883376458,4.2883376458,3.0079709142,3.1524000205,4.2883376458,4.2883376458,4.2883376458,4.2883376458,3.0079709142,3.1524000205,4.2883376458,4.2883376458,4.2883376458,4.2883376458,3.0079709142,3.1524000205,4.2883376458,4.2883376458,4.2883376458,4.2883376458,3.0079709142,3.1524000205,4.2883376458,4.2883376458,4.2883376458,4.2883376458
1656169501057.5478515625,1762278115061.9350585938,2585540021483.9536132812,2585540021483.9536132812,2585540021483.9536132812,2585540021483.9536132812,1656169501057.5434570312,1762278115061.9350585938,2585540021483.9619140625,2585540021483.9619140625,2585540021483.9619140625,2585540021483.9619140625,1656169501057.5434570312,1762278115061.9350585938,2585540021483.9619140625,2585540021483.9619140625,2585540021483.9619140625,2585540021483.9619140625,1656169501057.5434570312,1762278115061.9350585938,2585540021483.9619140625,2585540021483.9619140625,2585540021483.9619140625,2585540021483.9619140625,1656169501057.5434570312,1762278115061.9350585938,2585540021483.9619140625,2585540021483.9619140625,2585540021483.9619140625,2585540021483.9619140625,1656169501057.5434570312,1762278115061.9350585938,2585540021483.9619140625,2585540021483.9619140625,2585540021483.9619140625,2585540021483.9619140625
2.7941183666,2.9306611913,4.0078749227,4.0078749227,4.0078749227,4.0078749227,2.7941183666,2.9306611913,4.0078749227,4.0078749227,4.0078749227,4.0078749227,2.7941183666,2.9306611913,4.0078749227,4.0078749227,4.0078749227,4.0078749227,2.7941183666,2.9306611913,4.0078749227,4.0078749227,4.0078749227,4.0078749227,2.7941183666,2.9306611913,4.0078749227,4.0078749227,4.0078749227,4.0078749227,2.7941183666,2.9306611913,4.0078749227,4.0078749227,4.0078749227,4.0078749227
5.2175852094,5.4777422219,7.5176471180,7.5176471180,7.5176471180,7.5176471180,5.2175852094,5.4777422219,7.5176471180,7.5176471180,7.5176471180,7.5176471180,5.2175852094,5.4777422219,7.5176471180,7.5176471180,7.5176471180,7.5176471180,5.2175852094,5.4777422219,7.5176471180,7.5176471180,7.5176471180,7.5176471180,5.2175852094,5.4777422219,7.5176471180,7.5176471180,7.5176471180,7.5176471180,5.2175852094,5.4777422219,7.5176471180,7.5176471180,7.5176471180,7.5176471180
2.6090754168,2.7349089447,3.7248370025,3.7248370025,3.7248370025,3.7248370025,2.6090754168,2.7349089447,3.7248370025,3.7248370025,3.7248370025,3.7248370025,2.6090754168,2.7349089447,3.7248370025,3.7248370025,3.7248370025,3.7248370025,2.6090754168,2.7349089447,3.7248370025,3.7248370025,3.7248370025,3.7248370025,2.6090754168,2.7349089447,3.7248370025,3.7248370025,3.7248370025,3.7248370025,2.6090754168,2.7349089447,3.7248370025,3.7248370025,3.7248370025,3.7248370025
3.3472247750,3.5159009214,4.8448069915,4.8448069915,4.8448069915,4.8448069915,3.3472247750,3.5159009214,4.8448069915,4.8448069915,4.8448069915,4.8448069915,3.3472247750,3.5159009214,4.8448069915,4.8448069915,4.8448069915,4.8448069915,3.3472247750,3.5159009214,4.8448069915,4.8448069915,4.8448069915,4.8448069915,3.3472247750,3.5159009214,4.8448069915,4.8448069915,4.8448069915,4.8448069915,3.3472247750,3.5159009214,4.8448069915,4.8448069915,4.8448069915,4.8448069915
4.0095588101,4.2080114982,5.7621514616,5.7621514616,5.7621514616,5.7621514616,4.0095588101,4.2080114982,5.7621514616,5.7621514616,5.7621514616,5.7621514616,4.0095588101,4.2080114982,5.7621514616,5.7621514616,5.7621514616,5.7621514616,4.0095588101,4.2080114982,5.7621514616,5.7621514616,5.7621514616,5.7621514616,4.0095588101,4.2080114982,5.7621514616,5.7621514616,5.7621514616,5.7621514616,4.0095588101,4.2080114982,5.7621514616,5.7621514616,5.7621514616,5.7621514616
3.9360982271,4.1288183404,5.6402942388,5.6402942388,5.6402942388,5.6402942388,3.9360982271,4.1288183404,5.6402942388,5.6402942388,5.6402942388,5.6402942388,3.9360982271,4.1288183404,5.6402942388,5.6402942388,5.6402942388,5.6402942388,3.9360982271,4.1288183404,5.6402942388,5.6402942388,5.6402942388,5.6402942388,3.9360982271,4.1288183404,5.6402942388,5.6402942388,5.6402942388,5.6402942388,3.9360982271,4.1288183404,5.6402942388,5.6402942388,5.6402942388,5.6402942388
3.1123574128,3.2661238495,4.4701444678,4.4701444678,4.4701444678,4.4701444678,3.1123574128,3.2661238495,4.4701444678,4.4701444678,4.4701444678,4.4701444678,3.1123574128,3.2661238495,4.4701444678,4.4701444678,4.4701444678,4.4701444678,3.1123574128,3.2661238495,4.4701444678,4.4701444678,4.4701444678,4.4701444678,3.1123574128,3.2661238495,4.4701444678,4.4701444678,4.4701444678,4.4701444678,3.1123574128,3.2661238495,4.4701444678,4.4701444678,4.4701444678,4.4701444678
47211892722886.1718750000,49665394773351.4296875000,68786823358836.6484375000,68786823358836.6484375000,68786823358836.6484375000,68786823358836.6484375000,47211892722886.1718750000,49665394773351.5156250000,68786823358837.2500000000,68786823358837.2500000000,68786823358837.2500000000,68786823358837.2500000000,47211892722886.1718750000,49665394773351.5156250000,68786823358837.2500000000,68786823358837.2500000000,68786823358837.2500000000,68786823358837.2500000000,47211892722886.1718750000,49665394773351.5156250000,68786823358837.2500000000,68786823358837.2500000000,68786823358837.2500000000,68786823358837.2500000000,47211892722886.1718750000,49665394773351.5156250000,68786823358837.2500000000,68786823358837.2500000000,68786823358837.2500000000,68786823358837.2500000000,47211892722886.1718750000,49665394773351.5156250000,68786823358837.2500000000,68786823358837.2500000000,68786823358837.2500000000,68786823358837.2500000000
4.0074072067,4.2077032108,5.7806088417,5.7806088417,5.7806088417,5.7806088417,4.0074072067,4.2077032108,5.7806088417,5.7806088417,5.7806088417,5.7806088417,4.0074072067,4.2077032108,5.7806088417,5.7806088417,5.7806088417,5.7806088417,4.0074072067,4.2077032108,5.7806088417,5.7806088417,5.7806088417,5.7806088417,4.0074072067,4.2077032108,5.7806088417,5.7806088417,5.7806088417,5.7806088417,4.0074072067,4.2077032108,5.7806088417,5.7806088417,5.7806088417,5.7806088417
3.1203355147,3.2733403095,4.4746951271,4.4746951271,4.4746951271,4.4746951271,3.1203355147,3.2733403095,4.4746951271,4.4746951271,4.4746951271,4.4746951271,3.1203355147,3.2733403095,4.4746951271,4.4746951271,4.4746951271,4.4746951271,3.1203355147,3.2733403095,4.4746951271,4.4746951271,4.4746951271,4.4746951271,3.1203355147,3.2733403095,4.4746951271,4.4746951271,4.4746951271,4.4746951271,3.1203355147,3.2733403095,4.4746951271,4.4746951271,4.4746951271,4.4746951271
47211892722885.7734375000,49665394773351.0937500000,68786823358836.1093750000,68786823358836.1093750000,68786823358836.1093750000,68786823358836.1093750000,47211892722885.7734375000,49665394773351.0937500000,68786823358836.5390625000,68786823358836.5390625000,68786823358836.5390625000,68786823358836.5390625000,47211892722885.7734375000,49665394773351.0937500000,68786823358836.5390625000,68786823358836.5390625000,68786823358836.5390625000,68786823358836.5390625000,47211892722885.7734375000,49665394773351.0937500000,68786823358836.5390625000,68786823358836.5390625000,68786823358836.5390625000,68786823358836.5390625000,47211892722885.7734375000,49665394773351.0937500000,68786823358836.5390625000,68786823358836.5390625000,68786823358836.5390625000,68786823358836.5390625000,47211892722885.7734375000,49665394773351.0937500000,68786823358836.5390625000,68786823358836.5390625000,68786823358836.5390625000,68786823358836.5390625000
3.6364300350,3.8170104164,5.2338840082,5.2338840082,5.2338840082,5.2338840082,3.6364300350,3.8170104164,5.2338840082,5.2338840082,5.2338840082,5.2338840082,3.6364300350,3.8170104164,5.2338840082,5.2338840082,5.2338840082,5.2338840082,3.6364300350,3.8170104164,5.2338840082,5.2338840082,5.2338840082,5.2338840082,3.6364300350,3.8170104164,5.2338840082,5.2338840082,5.2338840082,5.2338840082,3.6364300350,3.8170104164,5.2338840082,5.2338840082,5.2338840082,5.2338840082
inf,inf,inf,inf,inf,inf,inf,inf,inf,inf,inf,inf,inf,inf,inf,inf,inf,inf,inf,inf,inf,inf,inf,inf,inf,inf,inf,inf,inf,inf,inf,inf,inf,inf,inf,inf
